loss,learning_rate,epoch,step,disorder,fold,eval_loss,eval_tau_val,eval_f1,eval_auc,eval_accuracy,eval_precision,eval_recall,eval_TP,eval_FP,eval_FN,eval_TN,eval_pred_f1,eval_runtime,eval_samples_per_second,eval_steps_per_second
1.1175,8.333333333333334e-06,0.22,10,Anger/IED (d1),1,,,,,,,,,,,,,,,
1.17,1.6666666666666667e-05,0.44,20,Anger/IED (d1),1,,,,,,,,,,,,,,,
1.1115,1.923076923076923e-05,0.67,30,Anger/IED (d1),1,,,,,,,,,,,,,,,
1.1488,1.794871794871795e-05,0.89,40,Anger/IED (d1),1,,,,,,,,,,,,,,,
,,1.0,45,Anger/IED (d1),1,0.9690174460411072,0.5,0.479,1.0,0.5778,0.7688,0.5778,3.0,0.0,19.0,23.0,0.0,3.332,13.505,3.601
1.0734,1.6666666666666667e-05,1.11,50,Anger/IED (d1),1,,,,,,,,,,,,,,,
0.8428,1.5384615384615387e-05,1.33,60,Anger/IED (d1),1,,,,,,,,,,,,,,,
0.6208,1.4102564102564105e-05,1.56,70,Anger/IED (d1),1,,,,,,,,,,,,,,,
0.5368,1.2820512820512823e-05,1.78,80,Anger/IED (d1),1,,,,,,,,,,,,,,,
0.371,1.1538461538461538e-05,2.0,90,Anger/IED (d1),1,,,,,,,,,,,,,,,
,,2.0,90,Anger/IED (d1),1,0.21380995213985443,0.5,1.0,1.0,1.0,1.0,1.0,22.0,0.0,0.0,23.0,0.0,3.4509,13.04,3.477
0.4576,1.0256410256410256e-05,2.22,100,Anger/IED (d1),1,,,,,,,,,,,,,,,
0.1634,8.974358974358976e-06,2.44,110,Anger/IED (d1),1,,,,,,,,,,,,,,,
0.1952,7.692307692307694e-06,2.67,120,Anger/IED (d1),1,,,,,,,,,,,,,,,
0.1799,6.410256410256412e-06,2.89,130,Anger/IED (d1),1,,,,,,,,,,,,,,,
,,3.0,135,Anger/IED (d1),1,0.06214509904384613,0.5,1.0,1.0,1.0,1.0,1.0,22.0,0.0,0.0,23.0,0.0,6.3096,7.132,1.902
0.3743,5.128205128205128e-06,3.11,140,Anger/IED (d1),1,,,,,,,,,,,,,,,
0.2315,3.846153846153847e-06,3.33,150,Anger/IED (d1),1,,,,,,,,,,,,,,,
0.226,2.564102564102564e-06,3.56,160,Anger/IED (d1),1,,,,,,,,,,,,,,,
0.4342,1.282051282051282e-06,3.78,170,Anger/IED (d1),1,,,,,,,,,,,,,,,
0.046,0.0,4.0,180,Anger/IED (d1),1,,,,,,,,,,,,,,,
,,4.0,180,Anger/IED (d1),1,0.03900698944926262,0.5,1.0,1.0,1.0,1.0,1.0,22.0,0.0,0.0,23.0,0.0,6.3586,7.077,1.887
1.1454,8.333333333333334e-06,0.22,10,Anger/IED (d1),2,,,,,,,,,,,,,,,
1.1543,1.6666666666666667e-05,0.44,20,Anger/IED (d1),2,,,,,,,,,,,,,,,
1.0896,1.923076923076923e-05,0.67,30,Anger/IED (d1),2,,,,,,,,,,,,,,,
1.0803,1.794871794871795e-05,0.89,40,Anger/IED (d1),2,,,,,,,,,,,,,,,
,,1.0,45,Anger/IED (d1),2,0.9441968202590942,0.5,0.3685,0.9289,0.5111,0.7556,0.5111,1.0,0.0,22.0,22.0,0.0,6.8026,6.615,1.764
0.858,1.6666666666666667e-05,1.11,50,Anger/IED (d1),2,,,,,,,,,,,,,,,
0.7103,1.5384615384615387e-05,1.33,60,Anger/IED (d1),2,,,,,,,,,,,,,,,
0.616,1.4102564102564105e-05,1.56,70,Anger/IED (d1),2,,,,,,,,,,,,,,,
0.4419,1.2820512820512823e-05,1.78,80,Anger/IED (d1),2,,,,,,,,,,,,,,,
0.4319,1.1538461538461538e-05,2.0,90,Anger/IED (d1),2,,,,,,,,,,,,,,,
,,2.0,90,Anger/IED (d1),2,0.3885500729084015,0.5,0.9106,0.9664,0.9111,0.9248,0.9111,19.0,0.0,4.0,22.0,0.0,6.4895,6.934,1.849
0.2576,1.0256410256410256e-05,2.22,100,Anger/IED (d1),2,,,,,,,,,,,,,,,
0.1311,8.974358974358976e-06,2.44,110,Anger/IED (d1),2,,,,,,,,,,,,,,,
0.304,7.692307692307694e-06,2.67,120,Anger/IED (d1),2,,,,,,,,,,,,,,,
0.1796,6.410256410256412e-06,2.89,130,Anger/IED (d1),2,,,,,,,,,,,,,,,
,,3.0,135,Anger/IED (d1),2,0.30808162689208984,0.5,0.9331,0.9743,0.9333,0.9413,0.9333,20.0,0.0,3.0,22.0,0.0,6.4192,7.01,1.869
0.038,5.128205128205128e-06,3.11,140,Anger/IED (d1),2,,,,,,,,,,,,,,,
0.0307,3.846153846153847e-06,3.33,150,Anger/IED (d1),2,,,,,,,,,,,,,,,
0.1072,2.564102564102564e-06,3.56,160,Anger/IED (d1),2,,,,,,,,,,,,,,,
0.1726,1.282051282051282e-06,3.78,170,Anger/IED (d1),2,,,,,,,,,,,,,,,
0.2753,0.0,4.0,180,Anger/IED (d1),2,,,,,,,,,,,,,,,
,,4.0,180,Anger/IED (d1),2,0.32941433787345886,0.5,0.9331,0.9743,0.9333,0.9413,0.9333,20.0,0.0,3.0,22.0,0.0,6.1387,7.331,1.955
1.14,8.333333333333334e-06,0.22,10,Anger/IED (d1),3,,,,,,,,,,,,,,,
1.1124,1.6666666666666667e-05,0.44,20,Anger/IED (d1),3,,,,,,,,,,,,,,,
1.1439,1.923076923076923e-05,0.67,30,Anger/IED (d1),3,,,,,,,,,,,,,,,
1.0887,1.794871794871795e-05,0.89,40,Anger/IED (d1),3,,,,,,,,,,,,,,,
,,1.0,45,Anger/IED (d1),3,0.975213348865509,0.5,0.3211,0.9368,0.4889,0.239,0.4889,0.0,0.0,23.0,22.0,0.0,6.7371,6.679,1.781
1.0151,1.6666666666666667e-05,1.11,50,Anger/IED (d1),3,,,,,,,,,,,,,,,
0.838,1.5384615384615387e-05,1.33,60,Anger/IED (d1),3,,,,,,,,,,,,,,,
0.6742,1.4102564102564105e-05,1.56,70,Anger/IED (d1),3,,,,,,,,,,,,,,,
0.61,1.2820512820512823e-05,1.78,80,Anger/IED (d1),3,,,,,,,,,,,,,,,
0.3599,1.1538461538461538e-05,2.0,90,Anger/IED (d1),3,,,,,,,,,,,,,,,
,,2.0,90,Anger/IED (d1),3,0.2406461238861084,0.5,0.9778,0.998,0.9778,0.9787,0.9778,22.0,0.0,1.0,22.0,0.0,6.723,6.693,1.785
0.2369,1.0256410256410256e-05,2.22,100,Anger/IED (d1),3,,,,,,,,,,,,,,,
0.2618,8.974358974358976e-06,2.44,110,Anger/IED (d1),3,,,,,,,,,,,,,,,
0.5847,7.692307692307694e-06,2.67,120,Anger/IED (d1),3,,,,,,,,,,,,,,,
0.1205,6.410256410256412e-06,2.89,130,Anger/IED (d1),3,,,,,,,,,,,,,,,
,,3.0,135,Anger/IED (d1),3,0.079469233751297,0.5,0.9778,1.0,0.9778,0.9787,0.9778,22.0,0.0,1.0,22.0,0.0,7.0527,6.381,1.701
0.1872,5.128205128205128e-06,3.11,140,Anger/IED (d1),3,,,,,,,,,,,,,,,
0.1983,3.846153846153847e-06,3.33,150,Anger/IED (d1),3,,,,,,,,,,,,,,,
0.0297,2.564102564102564e-06,3.56,160,Anger/IED (d1),3,,,,,,,,,,,,,,,
0.2732,1.282051282051282e-06,3.78,170,Anger/IED (d1),3,,,,,,,,,,,,,,,
0.1812,0.0,4.0,180,Anger/IED (d1),3,,,,,,,,,,,,,,,
,,4.0,180,Anger/IED (d1),3,0.06808126717805862,0.5,0.9778,1.0,0.9778,0.9787,0.9778,22.0,0.0,1.0,22.0,0.0,6.7598,6.657,1.775
1.1703,8.333333333333334e-06,0.22,10,Anger/IED (d1),4,,,,,,,,,,,,,,,
1.078,1.6666666666666667e-05,0.44,20,Anger/IED (d1),4,,,,,,,,,,,,,,,
1.1119,1.923076923076923e-05,0.67,30,Anger/IED (d1),4,,,,,,,,,,,,,,,
1.0982,1.794871794871795e-05,0.89,40,Anger/IED (d1),4,,,,,,,,,,,,,,,
,,1.0,45,Anger/IED (d1),4,0.806531548500061,0.5,0.6584,0.9842,0.6889,0.8099,0.6889,9.0,0.0,14.0,22.0,0.0,5.9406,7.575,2.02
0.9108,1.6666666666666667e-05,1.11,50,Anger/IED (d1),4,,,,,,,,,,,,,,,
0.6005,1.5384615384615387e-05,1.33,60,Anger/IED (d1),4,,,,,,,,,,,,,,,
0.4751,1.4102564102564105e-05,1.56,70,Anger/IED (d1),4,,,,,,,,,,,,,,,
0.3224,1.2820512820512823e-05,1.78,80,Anger/IED (d1),4,,,,,,,,,,,,,,,
0.4616,1.1538461538461538e-05,2.0,90,Anger/IED (d1),4,,,,,,,,,,,,,,,
,,2.0,90,Anger/IED (d1),4,0.383206844329834,0.5,0.9331,0.9664,0.9333,0.9413,0.9333,20.0,0.0,3.0,22.0,0.0,4.8779,9.225,2.46
0.3232,1.0256410256410256e-05,2.22,100,Anger/IED (d1),4,,,,,,,,,,,,,,,
0.2006,8.974358974358976e-06,2.44,110,Anger/IED (d1),4,,,,,,,,,,,,,,,
0.3243,7.692307692307694e-06,2.67,120,Anger/IED (d1),4,,,,,,,,,,,,,,,
0.0396,6.410256410256412e-06,2.89,130,Anger/IED (d1),4,,,,,,,,,,,,,,,
,,3.0,135,Anger/IED (d1),4,0.4340319335460663,0.5,0.911,0.9605,0.9111,0.9146,0.9111,20.0,1.0,3.0,21.0,0.0,5.1305,8.771,2.339
0.0532,5.128205128205128e-06,3.11,140,Anger/IED (d1),4,,,,,,,,,,,,,,,
0.1789,3.846153846153847e-06,3.33,150,Anger/IED (d1),4,,,,,,,,,,,,,,,
0.1801,2.564102564102564e-06,3.56,160,Anger/IED (d1),4,,,,,,,,,,,,,,,
0.2203,1.282051282051282e-06,3.78,170,Anger/IED (d1),4,,,,,,,,,,,,,,,
0.0185,0.0,4.0,180,Anger/IED (d1),4,,,,,,,,,,,,,,,
,,4.0,180,Anger/IED (d1),4,0.44640472531318665,0.5,0.911,0.9605,0.9111,0.9146,0.9111,20.0,1.0,3.0,21.0,0.0,4.2774,10.52,2.805
1.1702,8.333333333333334e-06,0.25,10,Anxiety (d2),1,,,,,,,,,,,,,,,
1.1416,1.6666666666666667e-05,0.5,20,Anxiety (d2),1,,,,,,,,,,,,,,,
1.0958,1.911764705882353e-05,0.75,30,Anxiety (d2),1,,,,,,,,,,,,,,,
1.0129,1.7647058823529414e-05,1.0,40,Anxiety (d2),1,,,,,,,,,,,,,,,
,,1.0,40,Anxiety (d2),1,1.075787901878357,0.5,0.3333,0.6875,0.5,0.25,0.5,0.0,0.0,20.0,20.0,0.0,3.0809,12.983,3.246
0.9748,1.6176470588235296e-05,1.25,50,Anxiety (d2),1,,,,,,,,,,,,,,,
0.9046,1.4705882352941179e-05,1.5,60,Anxiety (d2),1,,,,,,,,,,,,,,,
0.813,1.323529411764706e-05,1.75,70,Anxiety (d2),1,,,,,,,,,,,,,,,
0.9092,1.1764705882352942e-05,2.0,80,Anxiety (d2),1,,,,,,,,,,,,,,,
,,2.0,80,Anxiety (d2),1,0.9736076593399048,0.5,0.4357,0.755,0.55,0.7632,0.55,2.0,0.0,18.0,20.0,0.0,3.0844,12.968,3.242
0.7649,1.0294117647058823e-05,2.25,90,Anxiety (d2),1,,,,,,,,,,,,,,,
0.549,8.823529411764707e-06,2.5,100,Anxiety (d2),1,,,,,,,,,,,,,,,
0.7078,7.352941176470589e-06,2.75,110,Anxiety (d2),1,,,,,,,,,,,,,,,
0.497,5.882352941176471e-06,3.0,120,Anxiety (d2),1,,,,,,,,,,,,,,,
,,3.0,120,Anxiety (d2),1,0.9435906410217285,0.5,0.7737,0.8175,0.775,0.7813,0.775,17.0,6.0,3.0,14.0,0.0,4.2686,9.371,2.343
0.5117,4.411764705882353e-06,3.25,130,Anxiety (d2),1,,,,,,,,,,,,,,,
0.3907,2.9411764705882355e-06,3.5,140,Anxiety (d2),1,,,,,,,,,,,,,,,
0.6123,1.4705882352941177e-06,3.75,150,Anxiety (d2),1,,,,,,,,,,,,,,,
0.217,0.0,4.0,160,Anxiety (d2),1,,,,,,,,,,,,,,,
,,4.0,160,Anxiety (d2),1,0.927987277507782,0.5,0.7,0.835,0.7,0.7,0.7,14.0,6.0,6.0,14.0,0.0,5.6218,7.115,1.779
1.1236,8.333333333333334e-06,0.25,10,Anxiety (d2),2,,,,,,,,,,,,,,,
1.1911,1.6666666666666667e-05,0.5,20,Anxiety (d2),2,,,,,,,,,,,,,,,
1.1534,1.911764705882353e-05,0.75,30,Anxiety (d2),2,,,,,,,,,,,,,,,
1.1207,1.7647058823529414e-05,1.0,40,Anxiety (d2),2,,,,,,,,,,,,,,,
,,1.0,40,Anxiety (d2),2,1.0872763395309448,0.5,0.3333,0.8875,0.5,0.25,0.5,0.0,0.0,20.0,20.0,0.0,3.4266,11.674,2.918
0.9368,1.6176470588235296e-05,1.25,50,Anxiety (d2),2,,,,,,,,,,,,,,,
0.9063,1.4705882352941179e-05,1.5,60,Anxiety (d2),2,,,,,,,,,,,,,,,
1.0796,1.323529411764706e-05,1.75,70,Anxiety (d2),2,,,,,,,,,,,,,,,
0.7518,1.1764705882352942e-05,2.0,80,Anxiety (d2),2,,,,,,,,,,,,,,,
,,2.0,80,Anxiety (d2),2,0.850865364074707,0.5,0.5238,0.935,0.6,0.7778,0.6,4.0,0.0,16.0,20.0,0.0,3.0942,12.928,3.232
0.5212,1.0294117647058823e-05,2.25,90,Anxiety (d2),2,,,,,,,,,,,,,,,
0.7448,8.823529411764707e-06,2.5,100,Anxiety (d2),2,,,,,,,,,,,,,,,
0.6504,7.352941176470589e-06,2.75,110,Anxiety (d2),2,,,,,,,,,,,,,,,
0.5437,5.882352941176471e-06,3.0,120,Anxiety (d2),2,,,,,,,,,,,,,,,
,,3.0,120,Anxiety (d2),2,0.6687288284301758,0.5,0.8465,0.9375,0.85,0.8846,0.85,14.0,0.0,6.0,20.0,0.0,3.0882,12.953,3.238
0.4202,4.411764705882353e-06,3.25,130,Anxiety (d2),2,,,,,,,,,,,,,,,
0.4213,2.9411764705882355e-06,3.5,140,Anxiety (d2),2,,,,,,,,,,,,,,,
0.3244,1.4705882352941177e-06,3.75,150,Anxiety (d2),2,,,,,,,,,,,,,,,
0.394,0.0,4.0,160,Anxiety (d2),2,,,,,,,,,,,,,,,
,,4.0,160,Anxiety (d2),2,0.6387547254562378,0.5,0.824,0.94,0.825,0.8325,0.825,15.0,2.0,5.0,18.0,0.0,2.9789,13.428,3.357
1.1104,8.333333333333334e-06,0.25,10,Anxiety (d2),3,,,,,,,,,,,,,,,
1.156,1.6666666666666667e-05,0.5,20,Anxiety (d2),3,,,,,,,,,,,,,,,
1.0604,1.911764705882353e-05,0.75,30,Anxiety (d2),3,,,,,,,,,,,,,,,
1.1868,1.7647058823529414e-05,1.0,40,Anxiety (d2),3,,,,,,,,,,,,,,,
,,1.0,40,Anxiety (d2),3,1.0902143716812134,0.5,0.3333,0.785,0.5,0.25,0.5,0.0,0.0,20.0,20.0,0.0,2.7007,14.811,3.703
1.1048,1.6176470588235296e-05,1.25,50,Anxiety (d2),3,,,,,,,,,,,,,,,
1.0182,1.4705882352941179e-05,1.5,60,Anxiety (d2),3,,,,,,,,,,,,,,,
1.0067,1.323529411764706e-05,1.75,70,Anxiety (d2),3,,,,,,,,,,,,,,,
0.9083,1.1764705882352942e-05,2.0,80,Anxiety (d2),3,,,,,,,,,,,,,,,
,,2.0,80,Anxiety (d2),3,0.9463669061660767,0.5,0.322,0.855,0.475,0.2436,0.475,0.0,1.0,20.0,19.0,0.0,2.5163,15.896,3.974
0.8312,1.0294117647058823e-05,2.25,90,Anxiety (d2),3,,,,,,,,,,,,,,,
0.7416,8.823529411764707e-06,2.5,100,Anxiety (d2),3,,,,,,,,,,,,,,,
0.5716,7.352941176470589e-06,2.75,110,Anxiety (d2),3,,,,,,,,,,,,,,,
0.5183,5.882352941176471e-06,3.0,120,Anxiety (d2),3,,,,,,,,,,,,,,,
,,3.0,120,Anxiety (d2),3,0.8017239570617676,0.5,0.8743,0.845,0.875,0.8836,0.875,19.0,4.0,1.0,16.0,0.0,2.3284,17.179,4.295
0.4134,4.411764705882353e-06,3.25,130,Anxiety (d2),3,,,,,,,,,,,,,,,
0.3626,2.9411764705882355e-06,3.5,140,Anxiety (d2),3,,,,,,,,,,,,,,,
0.2792,1.4705882352941177e-06,3.75,150,Anxiety (d2),3,,,,,,,,,,,,,,,
0.4834,0.0,4.0,160,Anxiety (d2),3,,,,,,,,,,,,,,,
,,4.0,160,Anxiety (d2),3,0.7498664855957031,0.5,0.8997,0.8475,0.9,0.904,0.9,19.0,3.0,1.0,17.0,0.0,2.1276,18.8,4.7
1.181,8.333333333333334e-06,0.25,10,Anxiety (d2),4,,,,,,,,,,,,,,,
1.1966,1.6666666666666667e-05,0.5,20,Anxiety (d2),4,,,,,,,,,,,,,,,
1.1086,1.911764705882353e-05,0.75,30,Anxiety (d2),4,,,,,,,,,,,,,,,
1.1132,1.7647058823529414e-05,1.0,40,Anxiety (d2),4,,,,,,,,,,,,,,,
,,1.0,40,Anxiety (d2),4,1.1351810693740845,0.5,0.3333,0.69,0.5,0.25,0.5,0.0,0.0,20.0,20.0,0.0,2.3912,16.728,4.182
1.0879,1.6176470588235296e-05,1.25,50,Anxiety (d2),4,,,,,,,,,,,,,,,
0.9939,1.4705882352941179e-05,1.5,60,Anxiety (d2),4,,,,,,,,,,,,,,,
0.8745,1.323529411764706e-05,1.75,70,Anxiety (d2),4,,,,,,,,,,,,,,,
1.1179,1.1764705882352942e-05,2.0,80,Anxiety (d2),4,,,,,,,,,,,,,,,
,,2.0,80,Anxiety (d2),4,1.019097089767456,0.5,0.7333,0.8175,0.75,0.8333,0.75,10.0,0.0,10.0,20.0,0.0,2.4532,16.305,4.076
0.8294,1.0294117647058823e-05,2.25,90,Anxiety (d2),4,,,,,,,,,,,,,,,
0.7932,8.823529411764707e-06,2.5,100,Anxiety (d2),4,,,,,,,,,,,,,,,
0.8281,7.352941176470589e-06,2.75,110,Anxiety (d2),4,,,,,,,,,,,,,,,
0.741,5.882352941176471e-06,3.0,120,Anxiety (d2),4,,,,,,,,,,,,,,,
,,3.0,120,Anxiety (d2),4,0.9925531148910522,0.5,0.7749,0.835,0.775,0.7757,0.775,16.0,5.0,4.0,15.0,0.0,2.3179,17.257,4.314
0.5934,4.411764705882353e-06,3.25,130,Anxiety (d2),4,,,,,,,,,,,,,,,
0.5829,2.9411764705882355e-06,3.5,140,Anxiety (d2),4,,,,,,,,,,,,,,,
0.4675,1.4705882352941177e-06,3.75,150,Anxiety (d2),4,,,,,,,,,,,,,,,
0.569,0.0,4.0,160,Anxiety (d2),4,,,,,,,,,,,,,,,
,,4.0,160,Anxiety (d2),4,0.9268668293952942,0.5,0.824,0.88,0.825,0.8325,0.825,18.0,5.0,2.0,15.0,0.0,2.5871,15.461,3.865
1.1185,8.333333333333334e-06,0.16,10,Depression (d3),1,,,,,,,,,,,,,,,
1.1264,1.6666666666666667e-05,0.33,20,Depression (d3),1,,,,,,,,,,,,,,,
1.1454,1.9454545454545457e-05,0.49,30,Depression (d3),1,,,,,,,,,,,,,,,
1.1428,1.8545454545454545e-05,0.66,40,Depression (d3),1,,,,,,,,,,,,,,,
1.1869,1.7636363636363637e-05,0.82,50,Depression (d3),1,,,,,,,,,,,,,,,
1.1174,1.672727272727273e-05,0.98,60,Depression (d3),1,,,,,,,,,,,,,,,
,,1.0,61,Depression (d3),1,1.040987253189087,0.5,0.3243,0.8118,0.4918,0.2419,0.4918,0.0,0.0,31.0,30.0,0.0,3.4115,17.881,4.69
0.8852,1.5818181818181818e-05,1.15,70,Depression (d3),1,,,,,,,,,,,,,,,
0.8967,1.4909090909090911e-05,1.31,80,Depression (d3),1,,,,,,,,,,,,,,,
1.008,1.4e-05,1.48,90,Depression (d3),1,,,,,,,,,,,,,,,
0.84,1.3090909090909092e-05,1.64,100,Depression (d3),1,,,,,,,,,,,,,,,
0.854,1.2181818181818184e-05,1.8,110,Depression (d3),1,,,,,,,,,,,,,,,
0.7178,1.1272727272727272e-05,1.97,120,Depression (d3),1,,,,,,,,,,,,,,,
,,2.0,122,Depression (d3),1,0.7567148804664612,0.5,0.5934,0.8548,0.623,0.6818,0.623,11.0,3.0,20.0,27.0,0.0,3.5178,17.34,4.548
0.5936,1.0363636363636364e-05,2.13,130,Depression (d3),1,,,,,,,,,,,,,,,
0.5109,9.454545454545456e-06,2.3,140,Depression (d3),1,,,,,,,,,,,,,,,
0.2892,8.545454545454546e-06,2.46,150,Depression (d3),1,,,,,,,,,,,,,,,
0.365,7.636363636363638e-06,2.62,160,Depression (d3),1,,,,,,,,,,,,,,,
0.3384,6.7272727272727275e-06,2.79,170,Depression (d3),1,,,,,,,,,,,,,,,
0.262,5.8181818181818185e-06,2.95,180,Depression (d3),1,,,,,,,,,,,,,,,
,,3.0,183,Depression (d3),1,0.7255816459655762,0.5,0.803,0.8839,0.8033,0.8044,0.8033,26.0,7.0,5.0,23.0,0.0,3.5863,17.009,4.461
0.1956,4.90909090909091e-06,3.11,190,Depression (d3),1,,,,,,,,,,,,,,,
0.1994,4.000000000000001e-06,3.28,200,Depression (d3),1,,,,,,,,,,,,,,,
0.1388,3.090909090909091e-06,3.44,210,Depression (d3),1,,,,,,,,,,,,,,,
0.2013,2.181818181818182e-06,3.61,220,Depression (d3),1,,,,,,,,,,,,,,,
0.1871,1.2727272727272728e-06,3.77,230,Depression (d3),1,,,,,,,,,,,,,,,
0.3412,3.6363636363636366e-07,3.93,240,Depression (d3),1,,,,,,,,,,,,,,,
,,4.0,244,Depression (d3),1,0.9853784441947937,0.5,0.7973,0.8882,0.8033,0.8391,0.8033,30.0,11.0,1.0,19.0,0.0,3.7688,16.186,4.245
1.1495,8.333333333333334e-06,0.16,10,Depression (d3),2,,,,,,,,,,,,,,,
1.1635,1.6666666666666667e-05,0.33,20,Depression (d3),2,,,,,,,,,,,,,,,
1.1212,1.9454545454545457e-05,0.49,30,Depression (d3),2,,,,,,,,,,,,,,,
1.1389,1.8545454545454545e-05,0.66,40,Depression (d3),2,,,,,,,,,,,,,,,
1.1842,1.7636363636363637e-05,0.82,50,Depression (d3),2,,,,,,,,,,,,,,,
1.0166,1.672727272727273e-05,0.98,60,Depression (d3),2,,,,,,,,,,,,,,,
,,1.0,61,Depression (d3),2,1.025349736213684,0.5,0.3243,0.8538,0.4918,0.2419,0.4918,0.0,0.0,31.0,30.0,0.0,3.8684,15.769,4.136
0.8435,1.5818181818181818e-05,1.15,70,Depression (d3),2,,,,,,,,,,,,,,,
0.9629,1.4909090909090911e-05,1.31,80,Depression (d3),2,,,,,,,,,,,,,,,
0.642,1.4e-05,1.48,90,Depression (d3),2,,,,,,,,,,,,,,,
0.8434,1.3090909090909092e-05,1.64,100,Depression (d3),2,,,,,,,,,,,,,,,
0.7325,1.2181818181818184e-05,1.8,110,Depression (d3),2,,,,,,,,,,,,,,,
0.5306,1.1272727272727272e-05,1.97,120,Depression (d3),2,,,,,,,,,,,,,,,
,,2.0,122,Depression (d3),2,0.6678280234336853,0.5,0.8176,0.9108,0.8197,0.838,0.8197,22.0,2.0,9.0,28.0,0.0,3.6137,16.88,4.428
0.3318,1.0363636363636364e-05,2.13,130,Depression (d3),2,,,,,,,,,,,,,,,
0.3002,9.454545454545456e-06,2.3,140,Depression (d3),2,,,,,,,,,,,,,,,
0.2529,8.545454545454546e-06,2.46,150,Depression (d3),2,,,,,,,,,,,,,,,
0.3973,7.636363636363638e-06,2.62,160,Depression (d3),2,,,,,,,,,,,,,,,
0.4525,6.7272727272727275e-06,2.79,170,Depression (d3),2,,,,,,,,,,,,,,,
0.1347,5.8181818181818185e-06,2.95,180,Depression (d3),2,,,,,,,,,,,,,,,
,,3.0,183,Depression (d3),2,0.7330878376960754,0.5,0.8681,0.943,0.8689,0.875,0.8689,29.0,6.0,2.0,24.0,0.0,3.6036,16.928,4.44
0.3249,4.90909090909091e-06,3.11,190,Depression (d3),2,,,,,,,,,,,,,,,
0.1168,4.000000000000001e-06,3.28,200,Depression (d3),2,,,,,,,,,,,,,,,
0.1581,3.090909090909091e-06,3.44,210,Depression (d3),2,,,,,,,,,,,,,,,
0.0722,2.181818181818182e-06,3.61,220,Depression (d3),2,,,,,,,,,,,,,,,
0.2758,1.2727272727272728e-06,3.77,230,Depression (d3),2,,,,,,,,,,,,,,,
0.372,3.6363636363636366e-07,3.93,240,Depression (d3),2,,,,,,,,,,,,,,,
,,4.0,244,Depression (d3),2,0.673504114151001,0.5,0.8681,0.9419,0.8689,0.875,0.8689,29.0,6.0,2.0,24.0,0.0,3.8705,15.76,4.134
1.2083,8.333333333333334e-06,0.16,10,Depression (d3),3,,,,,,,,,,,,,,,
1.1015,1.6666666666666667e-05,0.33,20,Depression (d3),3,,,,,,,,,,,,,,,
1.0969,1.9454545454545457e-05,0.49,30,Depression (d3),3,,,,,,,,,,,,,,,
1.0933,1.8545454545454545e-05,0.66,40,Depression (d3),3,,,,,,,,,,,,,,,
1.1188,1.7636363636363637e-05,0.82,50,Depression (d3),3,,,,,,,,,,,,,,,
1.1099,1.672727272727273e-05,0.98,60,Depression (d3),3,,,,,,,,,,,,,,,
,,1.0,61,Depression (d3),3,0.9959688782691956,0.5,0.3243,0.7753,0.4918,0.2419,0.4918,0.0,0.0,31.0,30.0,0.0,3.6223,16.84,4.417
0.9847,1.5818181818181818e-05,1.15,70,Depression (d3),3,,,,,,,,,,,,,,,
0.9104,1.4909090909090911e-05,1.31,80,Depression (d3),3,,,,,,,,,,,,,,,
0.7995,1.4e-05,1.48,90,Depression (d3),3,,,,,,,,,,,,,,,
0.8891,1.3090909090909092e-05,1.64,100,Depression (d3),3,,,,,,,,,,,,,,,
0.8808,1.2181818181818184e-05,1.8,110,Depression (d3),3,,,,,,,,,,,,,,,
0.5634,1.1272727272727272e-05,1.97,120,Depression (d3),3,,,,,,,,,,,,,,,
,,2.0,122,Depression (d3),3,0.8361768126487732,0.5,0.7567,0.8312,0.7705,0.8419,0.7705,31.0,14.0,0.0,16.0,0.0,3.5207,17.326,4.545
0.5324,1.0363636363636364e-05,2.13,130,Depression (d3),3,,,,,,,,,,,,,,,
0.4287,9.454545454545456e-06,2.3,140,Depression (d3),3,,,,,,,,,,,,,,,
0.316,8.545454545454546e-06,2.46,150,Depression (d3),3,,,,,,,,,,,,,,,
0.5102,7.636363636363638e-06,2.62,160,Depression (d3),3,,,,,,,,,,,,,,,
0.5654,6.7272727272727275e-06,2.79,170,Depression (d3),3,,,,,,,,,,,,,,,
0.2588,5.8181818181818185e-06,2.95,180,Depression (d3),3,,,,,,,,,,,,,,,
,,3.0,183,Depression (d3),3,0.8101508617401123,0.5,0.7537,0.871,0.7541,0.757,0.7541,22.0,6.0,9.0,24.0,0.0,3.5679,17.097,4.484
0.2137,4.90909090909091e-06,3.11,190,Depression (d3),3,,,,,,,,,,,,,,,
0.277,4.000000000000001e-06,3.28,200,Depression (d3),3,,,,,,,,,,,,,,,
0.1946,3.090909090909091e-06,3.44,210,Depression (d3),3,,,,,,,,,,,,,,,
0.5722,2.181818181818182e-06,3.61,220,Depression (d3),3,,,,,,,,,,,,,,,
0.0624,1.2727272727272728e-06,3.77,230,Depression (d3),3,,,,,,,,,,,,,,,
0.3931,3.6363636363636366e-07,3.93,240,Depression (d3),3,,,,,,,,,,,,,,,
,,4.0,244,Depression (d3),3,0.8185846209526062,0.5,0.7868,0.8785,0.7869,0.7871,0.7869,25.0,7.0,6.0,23.0,0.0,3.6313,16.798,4.406
1.136,8.333333333333334e-06,0.16,10,Depression (d3),4,,,,,,,,,,,,,,,
1.1277,1.6666666666666667e-05,0.33,20,Depression (d3),4,,,,,,,,,,,,,,,
1.0218,1.9454545454545457e-05,0.49,30,Depression (d3),4,,,,,,,,,,,,,,,
1.2187,1.8545454545454545e-05,0.66,40,Depression (d3),4,,,,,,,,,,,,,,,
1.215,1.7636363636363637e-05,0.82,50,Depression (d3),4,,,,,,,,,,,,,,,
1.081,1.672727272727273e-05,0.98,60,Depression (d3),4,,,,,,,,,,,,,,,
,,1.0,61,Depression (d3),4,1.028645634651184,0.5,0.3243,0.8344,0.4918,0.2419,0.4918,0.0,0.0,31.0,30.0,0.0,4.2074,14.498,3.803
0.9896,1.5818181818181818e-05,1.15,70,Depression (d3),4,,,,,,,,,,,,,,,
0.8874,1.4909090909090911e-05,1.31,80,Depression (d3),4,,,,,,,,,,,,,,,
0.8687,1.4e-05,1.48,90,Depression (d3),4,,,,,,,,,,,,,,,
0.786,1.3090909090909092e-05,1.64,100,Depression (d3),4,,,,,,,,,,,,,,,
0.5467,1.2181818181818184e-05,1.8,110,Depression (d3),4,,,,,,,,,,,,,,,
0.6162,1.1272727272727272e-05,1.97,120,Depression (d3),4,,,,,,,,,,,,,,,
,,2.0,122,Depression (d3),4,0.6270154714584351,0.5,0.8496,0.9355,0.8525,0.8865,0.8525,22.0,0.0,9.0,30.0,0.0,6.1692,9.888,2.594
0.4722,1.0363636363636364e-05,2.13,130,Depression (d3),4,,,,,,,,,,,,,,,
0.3413,9.454545454545456e-06,2.3,140,Depression (d3),4,,,,,,,,,,,,,,,
0.314,8.545454545454546e-06,2.46,150,Depression (d3),4,,,,,,,,,,,,,,,
0.2553,7.636363636363638e-06,2.62,160,Depression (d3),4,,,,,,,,,,,,,,,
0.4016,6.7272727272727275e-06,2.79,170,Depression (d3),4,,,,,,,,,,,,,,,
0.2736,5.8181818181818185e-06,2.95,180,Depression (d3),4,,,,,,,,,,,,,,,
,,3.0,183,Depression (d3),4,0.5734298825263977,0.5,0.8355,0.9398,0.8361,0.8423,0.8361,24.0,3.0,7.0,27.0,0.0,6.3971,9.536,2.501
0.1081,4.90909090909091e-06,3.11,190,Depression (d3),4,,,,,,,,,,,,,,,
0.1815,4.000000000000001e-06,3.28,200,Depression (d3),4,,,,,,,,,,,,,,,
0.1919,3.090909090909091e-06,3.44,210,Depression (d3),4,,,,,,,,,,,,,,,
0.0994,2.181818181818182e-06,3.61,220,Depression (d3),4,,,,,,,,,,,,,,,
0.0891,1.2727272727272728e-06,3.77,230,Depression (d3),4,,,,,,,,,,,,,,,
0.1745,3.6363636363636366e-07,3.93,240,Depression (d3),4,,,,,,,,,,,,,,,
,,4.0,244,Depression (d3),4,0.5365305542945862,0.5,0.8684,0.9538,0.8689,0.8756,0.8689,25.0,2.0,6.0,28.0,0.0,7.7797,7.841,2.057
1.158,8.333333333333334e-06,0.22,10,NPD (d4),1,,,,,,,,,,,,,,,
1.147,1.6666666666666667e-05,0.43,20,NPD (d4),1,,,,,,,,,,,,,,,
1.094,1.925e-05,0.65,30,NPD (d4),1,,,,,,,,,,,,,,,
0.9673,1.8e-05,0.87,40,NPD (d4),1,,,,,,,,,,,,,,,
,,1.0,46,NPD (d4),1,0.7655906677246094,0.5,0.3216,0.9946,0.4894,0.2395,0.4894,0.0,0.0,24.0,23.0,0.0,6.1226,7.676,1.96
0.871,1.675e-05,1.09,50,NPD (d4),1,,,,,,,,,,,,,,,
0.5534,1.55e-05,1.3,60,NPD (d4),1,,,,,,,,,,,,,,,
0.4138,1.425e-05,1.52,70,NPD (d4),1,,,,,,,,,,,,,,,
0.2946,1.3000000000000001e-05,1.74,80,NPD (d4),1,,,,,,,,,,,,,,,
0.1791,1.1750000000000001e-05,1.96,90,NPD (d4),1,,,,,,,,,,,,,,,
,,2.0,92,NPD (d4),1,0.07913875579833984,0.5,1.0,1.0,1.0,1.0,1.0,24.0,0.0,0.0,23.0,0.0,6.4888,7.243,1.849
0.0453,1.0500000000000001e-05,2.17,100,NPD (d4),1,,,,,,,,,,,,,,,
0.0361,9.250000000000001e-06,2.39,110,NPD (d4),1,,,,,,,,,,,,,,,
0.0203,8.000000000000001e-06,2.61,120,NPD (d4),1,,,,,,,,,,,,,,,
0.102,6.750000000000001e-06,2.83,130,NPD (d4),1,,,,,,,,,,,,,,,
,,3.0,138,NPD (d4),1,0.0330318883061409,0.5,1.0,1.0,1.0,1.0,1.0,24.0,0.0,0.0,23.0,0.0,6.5385,7.188,1.835
0.0126,5.500000000000001e-06,3.04,140,NPD (d4),1,,,,,,,,,,,,,,,
0.0145,4.25e-06,3.26,150,NPD (d4),1,,,,,,,,,,,,,,,
0.022,3e-06,3.48,160,NPD (d4),1,,,,,,,,,,,,,,,
0.0116,1.75e-06,3.7,170,NPD (d4),1,,,,,,,,,,,,,,,
0.1251,5.000000000000001e-07,3.91,180,NPD (d4),1,,,,,,,,,,,,,,,
,,4.0,184,NPD (d4),1,0.02672920562326908,0.5,1.0,1.0,1.0,1.0,1.0,24.0,0.0,0.0,23.0,0.0,3.768,12.473,3.185
1.1315,8.333333333333334e-06,0.21,10,NPD (d4),2,,,,,,,,,,,,,,,
1.1245,1.6666666666666667e-05,0.43,20,NPD (d4),2,,,,,,,,,,,,,,,
1.0998,1.926829268292683e-05,0.64,30,NPD (d4),2,,,,,,,,,,,,,,,
0.8878,1.804878048780488e-05,0.85,40,NPD (d4),2,,,,,,,,,,,,,,,
,,1.0,47,NPD (d4),2,0.7840917706489563,0.5,0.8507,0.9511,0.8511,0.8573,0.8511,19.0,2.0,5.0,21.0,0.0,3.6487,12.881,3.289
0.7505,1.682926829268293e-05,1.06,50,NPD (d4),2,,,,,,,,,,,,,,,
0.5826,1.5609756097560978e-05,1.28,60,NPD (d4),2,,,,,,,,,,,,,,,
0.48,1.4390243902439025e-05,1.49,70,NPD (d4),2,,,,,,,,,,,,,,,
0.2793,1.3170731707317076e-05,1.7,80,NPD (d4),2,,,,,,,,,,,,,,,
0.2671,1.1951219512195123e-05,1.91,90,NPD (d4),2,,,,,,,,,,,,,,,
,,2.0,94,NPD (d4),2,0.34299254417419434,0.5,0.9149,0.9873,0.9149,0.9149,0.9149,22.0,2.0,2.0,21.0,0.0,3.5515,13.234,3.379
0.1057,1.0731707317073172e-05,2.13,100,NPD (d4),2,,,,,,,,,,,,,,,
0.0674,9.51219512195122e-06,2.34,110,NPD (d4),2,,,,,,,,,,,,,,,
0.1627,8.292682926829268e-06,2.55,120,NPD (d4),2,,,,,,,,,,,,,,,
0.1053,7.0731707317073175e-06,2.77,130,NPD (d4),2,,,,,,,,,,,,,,,
0.0307,5.853658536585366e-06,2.98,140,NPD (d4),2,,,,,,,,,,,,,,,
,,3.0,141,NPD (d4),2,0.28741979598999023,0.5,0.9362,0.9873,0.9362,0.937,0.9362,22.0,1.0,2.0,22.0,0.0,3.6677,12.814,3.272
0.0175,4.634146341463416e-06,3.19,150,NPD (d4),2,,,,,,,,,,,,,,,
0.1172,3.414634146341464e-06,3.4,160,NPD (d4),2,,,,,,,,,,,,,,,
0.0136,2.1951219512195125e-06,3.62,170,NPD (d4),2,,,,,,,,,,,,,,,
0.0114,9.75609756097561e-07,3.83,180,NPD (d4),2,,,,,,,,,,,,,,,
,,4.0,188,NPD (d4),2,0.2537863254547119,0.5,0.9362,0.9891,0.9362,0.937,0.9362,22.0,1.0,2.0,22.0,0.0,3.5235,13.339,3.406
1.1787,8.333333333333334e-06,0.21,10,NPD (d4),3,,,,,,,,,,,,,,,
1.1226,1.6666666666666667e-05,0.43,20,NPD (d4),3,,,,,,,,,,,,,,,
1.0446,1.926829268292683e-05,0.64,30,NPD (d4),3,,,,,,,,,,,,,,,
0.951,1.804878048780488e-05,0.85,40,NPD (d4),3,,,,,,,,,,,,,,,
,,1.0,47,NPD (d4),3,0.6749690771102905,0.5,0.8254,0.9728,0.8298,0.8737,0.8298,16.0,0.0,8.0,23.0,0.0,3.1339,14.997,3.829
0.6597,1.682926829268293e-05,1.06,50,NPD (d4),3,,,,,,,,,,,,,,,
0.5424,1.5609756097560978e-05,1.28,60,NPD (d4),3,,,,,,,,,,,,,,,
0.2846,1.4390243902439025e-05,1.49,70,NPD (d4),3,,,,,,,,,,,,,,,
0.3027,1.3170731707317076e-05,1.7,80,NPD (d4),3,,,,,,,,,,,,,,,
0.1238,1.1951219512195123e-05,1.91,90,NPD (d4),3,,,,,,,,,,,,,,,
,,2.0,94,NPD (d4),3,0.3447422981262207,0.5,0.9148,0.9837,0.9149,0.9181,0.9149,21.0,1.0,3.0,22.0,0.0,3.1362,14.986,3.826
0.0788,1.0731707317073172e-05,2.13,100,NPD (d4),3,,,,,,,,,,,,,,,
0.0331,9.51219512195122e-06,2.34,110,NPD (d4),3,,,,,,,,,,,,,,,
0.103,8.292682926829268e-06,2.55,120,NPD (d4),3,,,,,,,,,,,,,,,
0.0204,7.0731707317073175e-06,2.77,130,NPD (d4),3,,,,,,,,,,,,,,,
0.0206,5.853658536585366e-06,2.98,140,NPD (d4),3,,,,,,,,,,,,,,,
,,3.0,141,NPD (d4),3,0.4121810495853424,0.5,0.9362,0.9837,0.9362,0.937,0.9362,22.0,1.0,2.0,22.0,0.0,3.1783,14.788,3.776
0.0149,4.634146341463416e-06,3.19,150,NPD (d4),3,,,,,,,,,,,,,,,
0.0121,3.414634146341464e-06,3.4,160,NPD (d4),3,,,,,,,,,,,,,,,
0.0111,2.1951219512195125e-06,3.62,170,NPD (d4),3,,,,,,,,,,,,,,,
0.0135,9.75609756097561e-07,3.83,180,NPD (d4),3,,,,,,,,,,,,,,,
,,4.0,188,NPD (d4),3,0.3263181447982788,0.5,0.9362,0.9855,0.9362,0.937,0.9362,22.0,1.0,2.0,22.0,0.0,4.4412,10.583,2.702
1.0998,8.333333333333334e-06,0.21,10,NPD (d4),4,,,,,,,,,,,,,,,
1.1315,1.6666666666666667e-05,0.43,20,NPD (d4),4,,,,,,,,,,,,,,,
1.2117,1.926829268292683e-05,0.64,30,NPD (d4),4,,,,,,,,,,,,,,,
0.9977,1.804878048780488e-05,0.85,40,NPD (d4),4,,,,,,,,,,,,,,,
,,1.0,47,NPD (d4),4,0.8266417384147644,0.5,0.8933,0.971,0.8936,0.9004,0.8936,20.0,1.0,4.0,22.0,0.0,1.5958,29.453,7.52
0.7601,1.682926829268293e-05,1.06,50,NPD (d4),4,,,,,,,,,,,,,,,
0.6918,1.5609756097560978e-05,1.28,60,NPD (d4),4,,,,,,,,,,,,,,,
0.4728,1.4390243902439025e-05,1.49,70,NPD (d4),4,,,,,,,,,,,,,,,
0.4787,1.3170731707317076e-05,1.7,80,NPD (d4),4,,,,,,,,,,,,,,,
0.1764,1.1951219512195123e-05,1.91,90,NPD (d4),4,,,,,,,,,,,,,,,
,,2.0,94,NPD (d4),4,0.21115809679031372,0.5,0.9574,0.9964,0.9574,0.9609,0.9574,22.0,0.0,2.0,23.0,0.0,1.585,29.653,7.571
0.191,1.0731707317073172e-05,2.13,100,NPD (d4),4,,,,,,,,,,,,,,,
0.0927,9.51219512195122e-06,2.34,110,NPD (d4),4,,,,,,,,,,,,,,,
0.0823,8.292682926829268e-06,2.55,120,NPD (d4),4,,,,,,,,,,,,,,,
0.0256,7.0731707317073175e-06,2.77,130,NPD (d4),4,,,,,,,,,,,,,,,
0.0348,5.853658536585366e-06,2.98,140,NPD (d4),4,,,,,,,,,,,,,,,
,,3.0,141,NPD (d4),4,0.26102373003959656,0.5,0.9573,0.9946,0.9574,0.9607,0.9574,24.0,2.0,0.0,21.0,0.0,1.5794,29.758,7.598
0.018,4.634146341463416e-06,3.19,150,NPD (d4),4,,,,,,,,,,,,,,,
0.0159,3.414634146341464e-06,3.4,160,NPD (d4),4,,,,,,,,,,,,,,,
0.0246,2.1951219512195125e-06,3.62,170,NPD (d4),4,,,,,,,,,,,,,,,
0.0118,9.75609756097561e-07,3.83,180,NPD (d4),4,,,,,,,,,,,,,,,
,,4.0,188,NPD (d4),4,0.22526921331882477,0.5,0.9361,0.9946,0.9362,0.9369,0.9362,23.0,2.0,1.0,21.0,0.0,3.8071,12.345,3.152
1.157,8.333333333333334e-06,0.3,10,Panic (d5),1,,,,,,,,,,,,,,,
1.0823,1.6666666666666667e-05,0.61,20,Panic (d5),1,,,,,,,,,,,,,,,
1.1198,1.888888888888889e-05,0.91,30,Panic (d5),1,,,,,,,,,,,,,,,
,,1.0,33,Panic (d5),1,0.9587576389312744,0.5,0.3166,0.8162,0.4848,0.2351,0.4848,0.0,0.0,17.0,16.0,0.0,3.2171,10.258,2.798
0.8507,1.7037037037037038e-05,1.21,40,Panic (d5),1,,,,,,,,,,,,,,,
0.9764,1.5185185185185187e-05,1.52,50,Panic (d5),1,,,,,,,,,,,,,,,
0.5954,1.3333333333333333e-05,1.82,60,Panic (d5),1,,,,,,,,,,,,,,,
,,2.0,66,Panic (d5),1,0.6110508441925049,0.5,0.8485,0.9375,0.8485,0.85,0.8485,14.0,2.0,3.0,14.0,0.0,4.3691,7.553,2.06
0.701,1.1481481481481482e-05,2.12,70,Panic (d5),1,,,,,,,,,,,,,,,
0.3671,9.62962962962963e-06,2.42,80,Panic (d5),1,,,,,,,,,,,,,,,
0.2852,7.77777777777778e-06,2.73,90,Panic (d5),1,,,,,,,,,,,,,,,
,,3.0,99,Panic (d5),1,0.5810876488685608,0.5,0.7839,0.9449,0.7879,0.8185,0.7879,11.0,1.0,6.0,15.0,0.0,4.3315,7.619,2.078
0.3311,5.925925925925926e-06,3.03,100,Panic (d5),1,,,,,,,,,,,,,,,
0.1593,4.074074074074074e-06,3.33,110,Panic (d5),1,,,,,,,,,,,,,,,
0.3268,2.222222222222222e-06,3.64,120,Panic (d5),1,,,,,,,,,,,,,,,
0.1444,3.7037037037037036e-07,3.94,130,Panic (d5),1,,,,,,,,,,,,,,,
,,4.0,132,Panic (d5),1,0.40676218271255493,0.5,0.8788,0.9706,0.8788,0.8788,0.8788,15.0,2.0,2.0,14.0,0.0,5.2376,6.301,1.718
1.1496,8.333333333333334e-06,0.3,10,Panic (d5),2,,,,,,,,,,,,,,,
1.1446,1.6666666666666667e-05,0.61,20,Panic (d5),2,,,,,,,,,,,,,,,
1.1137,1.888888888888889e-05,0.91,30,Panic (d5),2,,,,,,,,,,,,,,,
,,1.0,33,Panic (d5),2,0.9935066103935242,0.5,0.3333,0.9273,0.5,0.25,0.5,0.0,0.0,17.0,17.0,0.0,5.4042,6.291,1.665
1.0172,1.7037037037037038e-05,1.21,40,Panic (d5),2,,,,,,,,,,,,,,,
0.7814,1.5185185185185187e-05,1.52,50,Panic (d5),2,,,,,,,,,,,,,,,
0.9979,1.3333333333333333e-05,1.82,60,Panic (d5),2,,,,,,,,,,,,,,,
,,2.0,66,Panic (d5),2,0.7238362431526184,0.5,0.5968,0.9481,0.6471,0.7931,0.6471,5.0,0.0,12.0,17.0,0.0,5.4103,6.284,1.663
0.6339,1.1481481481481482e-05,2.12,70,Panic (d5),2,,,,,,,,,,,,,,,
0.4194,9.62962962962963e-06,2.42,80,Panic (d5),2,,,,,,,,,,,,,,,
0.3888,7.77777777777778e-06,2.73,90,Panic (d5),2,,,,,,,,,,,,,,,
,,3.0,99,Panic (d5),2,0.5174843668937683,0.5,0.8819,0.9377,0.8824,0.8877,0.8824,14.0,1.0,3.0,16.0,0.0,5.4137,6.28,1.662
0.3135,5.925925925925926e-06,3.03,100,Panic (d5),2,,,,,,,,,,,,,,,
0.2367,4.074074074074074e-06,3.33,110,Panic (d5),2,,,,,,,,,,,,,,,
0.2543,2.222222222222222e-06,3.64,120,Panic (d5),2,,,,,,,,,,,,,,,
0.1602,3.7037037037037036e-07,3.94,130,Panic (d5),2,,,,,,,,,,,,,,,
,,4.0,132,Panic (d5),2,0.5012221336364746,0.5,0.9117,0.9343,0.9118,0.9132,0.9118,15.0,1.0,2.0,16.0,0.0,5.3995,6.297,1.667
1.1268,8.333333333333334e-06,0.3,10,Panic (d5),3,,,,,,,,,,,,,,,
1.1307,1.6666666666666667e-05,0.61,20,Panic (d5),3,,,,,,,,,,,,,,,
1.1292,1.888888888888889e-05,0.91,30,Panic (d5),3,,,,,,,,,,,,,,,
,,1.0,33,Panic (d5),3,1.0021002292633057,0.5,0.3333,0.8858,0.5,0.25,0.5,0.0,0.0,17.0,17.0,0.0,2.781,12.226,3.236
0.9894,1.7037037037037038e-05,1.21,40,Panic (d5),3,,,,,,,,,,,,,,,
0.7108,1.5185185185185187e-05,1.52,50,Panic (d5),3,,,,,,,,,,,,,,,
0.5996,1.3333333333333333e-05,1.82,60,Panic (d5),3,,,,,,,,,,,,,,,
,,2.0,66,Panic (d5),3,0.5083541870117188,0.5,0.8211,0.9758,0.8235,0.8425,0.8235,12.0,1.0,5.0,16.0,0.0,2.7794,12.233,3.238
0.4186,1.1481481481481482e-05,2.12,70,Panic (d5),3,,,,,,,,,,,,,,,
0.2236,9.62962962962963e-06,2.42,80,Panic (d5),3,,,,,,,,,,,,,,,
0.3084,7.77777777777778e-06,2.73,90,Panic (d5),3,,,,,,,,,,,,,,,
,,3.0,99,Panic (d5),3,0.3487682640552521,0.5,0.9117,0.9827,0.9118,0.9132,0.9118,16.0,2.0,1.0,15.0,0.0,2.7754,12.251,3.243
0.227,5.925925925925926e-06,3.03,100,Panic (d5),3,,,,,,,,,,,,,,,
0.0639,4.074074074074074e-06,3.33,110,Panic (d5),3,,,,,,,,,,,,,,,
0.1467,2.222222222222222e-06,3.64,120,Panic (d5),3,,,,,,,,,,,,,,,
0.0613,3.7037037037037036e-07,3.94,130,Panic (d5),3,,,,,,,,,,,,,,,
,,4.0,132,Panic (d5),3,0.31113743782043457,0.5,0.9412,0.9862,0.9412,0.9412,0.9412,16.0,1.0,1.0,16.0,0.0,2.778,12.239,3.24
1.119,8.333333333333334e-06,0.3,10,Panic (d5),4,,,,,,,,,,,,,,,
1.1486,1.6666666666666667e-05,0.61,20,Panic (d5),4,,,,,,,,,,,,,,,
1.0522,1.888888888888889e-05,0.91,30,Panic (d5),4,,,,,,,,,,,,,,,
,,1.0,33,Panic (d5),4,0.9663267731666565,0.5,0.5522,0.9377,0.6176,0.7833,0.6176,4.0,0.0,13.0,17.0,0.0,2.6876,12.651,3.349
0.9318,1.7037037037037038e-05,1.21,40,Panic (d5),4,,,,,,,,,,,,,,,
0.7822,1.5185185185185187e-05,1.52,50,Panic (d5),4,,,,,,,,,,,,,,,
0.6945,1.3333333333333333e-05,1.82,60,Panic (d5),4,,,,,,,,,,,,,,,
,,2.0,66,Panic (d5),4,0.7039799690246582,0.5,0.9111,0.9689,0.9118,0.925,0.9118,17.0,3.0,0.0,14.0,0.0,2.6219,12.968,3.433
0.5969,1.1481481481481482e-05,2.12,70,Panic (d5),4,,,,,,,,,,,,,,,
0.42,9.62962962962963e-06,2.42,80,Panic (d5),4,,,,,,,,,,,,,,,
0.3359,7.77777777777778e-06,2.73,90,Panic (d5),4,,,,,,,,,,,,,,,
,,3.0,99,Panic (d5),4,0.5683728456497192,0.5,0.8819,0.9619,0.8824,0.8877,0.8824,16.0,3.0,1.0,14.0,0.0,2.6096,13.029,3.449
0.2239,5.925925925925926e-06,3.03,100,Panic (d5),4,,,,,,,,,,,,,,,
0.2732,4.074074074074074e-06,3.33,110,Panic (d5),4,,,,,,,,,,,,,,,
0.157,2.222222222222222e-06,3.64,120,Panic (d5),4,,,,,,,,,,,,,,,
0.1169,3.7037037037037036e-07,3.94,130,Panic (d5),4,,,,,,,,,,,,,,,
,,4.0,132,Panic (d5),4,0.5650100708007812,0.5,0.8819,0.955,0.8824,0.8877,0.8824,16.0,3.0,1.0,14.0,0.0,2.3616,14.397,3.811
