disorder_key,disorder,fold,row_id,y_true,score_positive,tau_val,y_pred_at_tau_val
anger,Anger/IED (d1),1,2,1,0.33633974,0.9840696454048157,0
anger,Anger/IED (d1),1,4,1,0.9846917,0.9840696454048157,1
anger,Anger/IED (d1),1,6,1,0.9914231,0.9840696454048157,1
anger,Anger/IED (d1),1,7,0,0.014595453,0.9840696454048157,0
anger,Anger/IED (d1),1,10,1,0.99040365,0.9840696454048157,1
anger,Anger/IED (d1),1,13,0,0.013348942,0.9840696454048157,0
anger,Anger/IED (d1),1,18,0,0.031977627,0.9840696454048157,0
anger,Anger/IED (d1),1,19,1,0.9895974,0.9840696454048157,1
anger,Anger/IED (d1),1,21,0,0.013653689,0.9840696454048157,0
anger,Anger/IED (d1),1,22,0,0.016445585,0.9840696454048157,0
anger,Anger/IED (d1),1,27,1,0.991302,0.9840696454048157,1
anger,Anger/IED (d1),1,29,1,0.9911923,0.9840696454048157,1
anger,Anger/IED (d1),1,30,1,0.9911862,0.9840696454048157,1
anger,Anger/IED (d1),1,35,0,0.015432376,0.9840696454048157,0
anger,Anger/IED (d1),1,36,1,0.9914711,0.9840696454048157,1
anger,Anger/IED (d1),1,46,0,0.014735286,0.9840696454048157,0
anger,Anger/IED (d1),1,48,0,0.015012627,0.9840696454048157,0
anger,Anger/IED (d1),1,50,0,0.014884653,0.9840696454048157,0
anger,Anger/IED (d1),1,55,0,0.015675865,0.9840696454048157,0
anger,Anger/IED (d1),1,60,0,0.018050855,0.9840696454048157,0
anger,Anger/IED (d1),1,64,1,0.9910314,0.9840696454048157,1
anger,Anger/IED (d1),1,65,0,0.015205606,0.9840696454048157,0
anger,Anger/IED (d1),1,69,0,0.01568768,0.9840696454048157,0
anger,Anger/IED (d1),1,75,1,0.9892629,0.9840696454048157,1
anger,Anger/IED (d1),1,79,0,0.015145793,0.9840696454048157,0
anger,Anger/IED (d1),1,80,0,0.013886034,0.9840696454048157,0
anger,Anger/IED (d1),1,82,1,0.99066925,0.9840696454048157,1
anger,Anger/IED (d1),1,83,1,0.9804402,0.9840696454048157,0
anger,Anger/IED (d1),1,84,1,0.98853964,0.9840696454048157,1
anger,Anger/IED (d1),1,91,1,0.018144505,0.9840696454048157,0
anger,Anger/IED (d1),1,96,1,0.99095494,0.9840696454048157,1
anger,Anger/IED (d1),1,100,1,0.9894923,0.9840696454048157,1
anger,Anger/IED (d1),1,106,1,0.99115705,0.9840696454048157,1
anger,Anger/IED (d1),1,107,0,0.013623417,0.9840696454048157,0
anger,Anger/IED (d1),1,111,0,0.017676735,0.9840696454048157,0
anger,Anger/IED (d1),1,117,0,0.01613459,0.9840696454048157,0
anger,Anger/IED (d1),1,118,0,0.013246684,0.9840696454048157,0
anger,Anger/IED (d1),1,119,0,0.014683993,0.9840696454048157,0
anger,Anger/IED (d1),1,121,1,0.98814875,0.9840696454048157,1
anger,Anger/IED (d1),1,126,0,0.017457658,0.9840696454048157,0
anger,Anger/IED (d1),1,129,1,0.85627073,0.9840696454048157,0
anger,Anger/IED (d1),1,133,1,0.98484194,0.9840696454048157,1
anger,Anger/IED (d1),1,138,0,0.017986882,0.9840696454048157,0
anger,Anger/IED (d1),1,141,1,0.016138723,0.9840696454048157,0
anger,Anger/IED (d1),1,142,1,0.9861703,0.9840696454048157,1
anger,Anger/IED (d1),1,154,0,0.012747401,0.9840696454048157,0
anger,Anger/IED (d1),1,160,0,0.013015895,0.9840696454048157,0
anger,Anger/IED (d1),1,161,1,0.9811693,0.9840696454048157,0
anger,Anger/IED (d1),1,168,0,0.013766765,0.9840696454048157,0
anger,Anger/IED (d1),1,173,0,0.014272318,0.9840696454048157,0
anger,Anger/IED (d1),1,176,1,0.9911951,0.9840696454048157,1
anger,Anger/IED (d1),1,179,1,0.9816976,0.9840696454048157,0
anger,Anger/IED (d1),1,189,0,0.026759122,0.9840696454048157,0
anger,Anger/IED (d1),1,192,1,0.991265,0.9840696454048157,1
anger,Anger/IED (d1),1,194,0,0.014737182,0.9840696454048157,0
anger,Anger/IED (d1),1,198,0,0.01374046,0.9840696454048157,0
anger,Anger/IED (d1),1,199,0,0.028704945,0.9840696454048157,0
anger,Anger/IED (d1),1,201,1,0.9911204,0.9840696454048157,1
anger,Anger/IED (d1),1,207,0,0.01504612,0.9840696454048157,0
anger,Anger/IED (d1),1,210,1,0.31716827,0.9840696454048157,0
anger,Anger/IED (d1),1,212,1,0.9909286,0.9840696454048157,1
anger,Anger/IED (d1),1,214,0,0.026918435,0.9840696454048157,0
anger,Anger/IED (d1),1,219,1,0.47104928,0.9840696454048157,0
anger,Anger/IED (d1),1,227,1,0.9912696,0.9840696454048157,1
anger,Anger/IED (d1),1,229,1,0.9912437,0.9840696454048157,1
anger,Anger/IED (d1),1,249,0,0.015021146,0.9840696454048157,0
anger,Anger/IED (d1),1,254,1,0.9910828,0.9840696454048157,1
anger,Anger/IED (d1),1,258,0,0.025814204,0.9840696454048157,0
anger,Anger/IED (d1),1,268,0,0.014838186,0.9840696454048157,0
anger,Anger/IED (d1),1,270,1,0.98901343,0.9840696454048157,1
anger,Anger/IED (d1),1,279,1,0.9900221,0.9840696454048157,1
anger,Anger/IED (d1),1,282,0,0.04396208,0.9840696454048157,0
anger,Anger/IED (d1),1,284,1,0.989359,0.9840696454048157,1
anger,Anger/IED (d1),1,285,1,0.99147546,0.9840696454048157,1
anger,Anger/IED (d1),1,290,0,0.015425103,0.9840696454048157,0
anger,Anger/IED (d1),2,1,0,0.009958002,0.11006422340869904,0
anger,Anger/IED (d1),2,11,1,0.9920026,0.11006422340869904,1
anger,Anger/IED (d1),2,14,1,0.9894204,0.11006422340869904,1
anger,Anger/IED (d1),2,16,1,0.9922633,0.11006422340869904,1
anger,Anger/IED (d1),2,24,1,0.9924034,0.11006422340869904,1
anger,Anger/IED (d1),2,28,0,0.9911438,0.11006422340869904,1
anger,Anger/IED (d1),2,32,0,0.9922879,0.11006422340869904,1
anger,Anger/IED (d1),2,38,1,0.99233574,0.11006422340869904,1
anger,Anger/IED (d1),2,39,1,0.99185365,0.11006422340869904,1
anger,Anger/IED (d1),2,41,1,0.9921383,0.11006422340869904,1
anger,Anger/IED (d1),2,42,0,0.008494275,0.11006422340869904,0
anger,Anger/IED (d1),2,54,0,0.011044141,0.11006422340869904,0
anger,Anger/IED (d1),2,56,0,0.012684278,0.11006422340869904,0
anger,Anger/IED (d1),2,57,1,0.03177485,0.11006422340869904,0
anger,Anger/IED (d1),2,62,0,0.014916639,0.11006422340869904,0
anger,Anger/IED (d1),2,67,1,0.99015534,0.11006422340869904,1
anger,Anger/IED (d1),2,71,1,0.9864624,0.11006422340869904,1
anger,Anger/IED (d1),2,78,0,0.009110989,0.11006422340869904,0
anger,Anger/IED (d1),2,87,1,0.9921056,0.11006422340869904,1
anger,Anger/IED (d1),2,90,1,0.9918677,0.11006422340869904,1
anger,Anger/IED (d1),2,93,1,0.99208355,0.11006422340869904,1
anger,Anger/IED (d1),2,94,0,0.009625477,0.11006422340869904,0
anger,Anger/IED (d1),2,97,1,0.99056584,0.11006422340869904,1
anger,Anger/IED (d1),2,102,1,0.9921788,0.11006422340869904,1
anger,Anger/IED (d1),2,105,1,0.9783487,0.11006422340869904,1
anger,Anger/IED (d1),2,108,0,0.00946349,0.11006422340869904,0
anger,Anger/IED (d1),2,109,0,0.024536058,0.11006422340869904,0
anger,Anger/IED (d1),2,114,0,0.010586219,0.11006422340869904,0
anger,Anger/IED (d1),2,115,1,0.9916074,0.11006422340869904,1
anger,Anger/IED (d1),2,116,0,0.015011554,0.11006422340869904,0
anger,Anger/IED (d1),2,125,0,0.13164733,0.11006422340869904,1
anger,Anger/IED (d1),2,130,0,0.011622154,0.11006422340869904,0
anger,Anger/IED (d1),2,131,0,0.010233614,0.11006422340869904,0
anger,Anger/IED (d1),2,134,0,0.05122426,0.11006422340869904,0
anger,Anger/IED (d1),2,144,0,0.010915267,0.11006422340869904,0
anger,Anger/IED (d1),2,145,1,0.9922218,0.11006422340869904,1
anger,Anger/IED (d1),2,148,1,0.99211955,0.11006422340869904,1
anger,Anger/IED (d1),2,152,0,0.010590086,0.11006422340869904,0
anger,Anger/IED (d1),2,156,1,0.9884614,0.11006422340869904,1
anger,Anger/IED (d1),2,158,0,0.013940259,0.11006422340869904,0
anger,Anger/IED (d1),2,165,1,0.99204916,0.11006422340869904,1
anger,Anger/IED (d1),2,172,1,0.99157315,0.11006422340869904,1
anger,Anger/IED (d1),2,174,0,0.99119884,0.11006422340869904,1
anger,Anger/IED (d1),2,177,0,0.010272611,0.11006422340869904,0
anger,Anger/IED (d1),2,178,1,0.9864406,0.11006422340869904,1
anger,Anger/IED (d1),2,183,1,0.9919105,0.11006422340869904,1
anger,Anger/IED (d1),2,193,1,0.9922936,0.11006422340869904,1
anger,Anger/IED (d1),2,200,0,0.017527713,0.11006422340869904,0
anger,Anger/IED (d1),2,202,0,0.010995112,0.11006422340869904,0
anger,Anger/IED (d1),2,204,1,0.99241877,0.11006422340869904,1
anger,Anger/IED (d1),2,215,1,0.9922236,0.11006422340869904,1
anger,Anger/IED (d1),2,216,1,0.9868687,0.11006422340869904,1
anger,Anger/IED (d1),2,217,0,0.14004095,0.11006422340869904,1
anger,Anger/IED (d1),2,220,0,0.008787681,0.11006422340869904,0
anger,Anger/IED (d1),2,224,0,0.011325228,0.11006422340869904,0
anger,Anger/IED (d1),2,228,0,0.012956145,0.11006422340869904,0
anger,Anger/IED (d1),2,232,0,0.009849257,0.11006422340869904,0
anger,Anger/IED (d1),2,236,0,0.011071215,0.11006422340869904,0
anger,Anger/IED (d1),2,241,0,0.00956968,0.11006422340869904,0
anger,Anger/IED (d1),2,242,0,0.015666133,0.11006422340869904,0
anger,Anger/IED (d1),2,244,0,0.010299655,0.11006422340869904,0
anger,Anger/IED (d1),2,250,0,0.0131207155,0.11006422340869904,0
anger,Anger/IED (d1),2,252,1,0.99200284,0.11006422340869904,1
anger,Anger/IED (d1),2,256,1,0.98946345,0.11006422340869904,1
anger,Anger/IED (d1),2,261,1,0.9904942,0.11006422340869904,1
anger,Anger/IED (d1),2,264,1,0.9919103,0.11006422340869904,1
anger,Anger/IED (d1),2,265,1,0.98987234,0.11006422340869904,1
anger,Anger/IED (d1),2,266,0,0.008975745,0.11006422340869904,0
anger,Anger/IED (d1),2,269,0,0.014173551,0.11006422340869904,0
anger,Anger/IED (d1),2,277,1,0.99216074,0.11006422340869904,1
anger,Anger/IED (d1),2,283,0,0.010717069,0.11006422340869904,0
anger,Anger/IED (d1),2,288,1,0.6396246,0.11006422340869904,1
anger,Anger/IED (d1),2,293,1,0.99205387,0.11006422340869904,1
anger,Anger/IED (d1),2,296,1,0.99105424,0.11006422340869904,1
anger,Anger/IED (d1),3,8,0,0.01448016,0.5879127979278564,0
anger,Anger/IED (d1),3,9,1,0.98971355,0.5879127979278564,1
anger,Anger/IED (d1),3,12,1,0.98569334,0.5879127979278564,1
anger,Anger/IED (d1),3,15,1,0.9836722,0.5879127979278564,1
anger,Anger/IED (d1),3,17,0,0.012503451,0.5879127979278564,0
anger,Anger/IED (d1),3,20,0,0.9871416,0.5879127979278564,1
anger,Anger/IED (d1),3,25,0,0.016305361,0.5879127979278564,0
anger,Anger/IED (d1),3,37,1,0.9897317,0.5879127979278564,1
anger,Anger/IED (d1),3,40,1,0.9891055,0.5879127979278564,1
anger,Anger/IED (d1),3,43,1,0.9882858,0.5879127979278564,1
anger,Anger/IED (d1),3,44,1,0.98772335,0.5879127979278564,1
anger,Anger/IED (d1),3,49,0,0.9875594,0.5879127979278564,1
anger,Anger/IED (d1),3,53,1,0.9880136,0.5879127979278564,1
anger,Anger/IED (d1),3,59,0,0.013993583,0.5879127979278564,0
anger,Anger/IED (d1),3,68,1,0.9864162,0.5879127979278564,1
anger,Anger/IED (d1),3,70,1,0.98867923,0.5879127979278564,1
anger,Anger/IED (d1),3,73,1,0.9899019,0.5879127979278564,1
anger,Anger/IED (d1),3,85,0,0.011625944,0.5879127979278564,0
anger,Anger/IED (d1),3,88,1,0.98996747,0.5879127979278564,1
anger,Anger/IED (d1),3,92,1,0.98892844,0.5879127979278564,1
anger,Anger/IED (d1),3,95,0,0.017320164,0.5879127979278564,0
anger,Anger/IED (d1),3,99,1,0.98519117,0.5879127979278564,1
anger,Anger/IED (d1),3,103,0,0.011205408,0.5879127979278564,0
anger,Anger/IED (d1),3,110,1,0.98981756,0.5879127979278564,1
anger,Anger/IED (d1),3,122,0,0.014216337,0.5879127979278564,0
anger,Anger/IED (d1),3,127,0,0.014480766,0.5879127979278564,0
anger,Anger/IED (d1),3,135,1,0.98734576,0.5879127979278564,1
anger,Anger/IED (d1),3,136,0,0.015841998,0.5879127979278564,0
anger,Anger/IED (d1),3,137,0,0.016424349,0.5879127979278564,0
anger,Anger/IED (d1),3,139,0,0.01406495,0.5879127979278564,0
anger,Anger/IED (d1),3,140,0,0.8207714,0.5879127979278564,1
anger,Anger/IED (d1),3,147,0,0.010299969,0.5879127979278564,0
anger,Anger/IED (d1),3,150,1,0.98679984,0.5879127979278564,1
anger,Anger/IED (d1),3,151,1,0.98963284,0.5879127979278564,1
anger,Anger/IED (d1),3,153,1,0.9890342,0.5879127979278564,1
anger,Anger/IED (d1),3,157,0,0.01192948,0.5879127979278564,0
anger,Anger/IED (d1),3,162,0,0.015177726,0.5879127979278564,0
anger,Anger/IED (d1),3,163,0,0.008584771,0.5879127979278564,0
anger,Anger/IED (d1),3,166,1,0.9897098,0.5879127979278564,1
anger,Anger/IED (d1),3,167,1,0.9855882,0.5879127979278564,1
anger,Anger/IED (d1),3,169,1,0.98847395,0.5879127979278564,1
anger,Anger/IED (d1),3,171,1,0.9893937,0.5879127979278564,1
anger,Anger/IED (d1),3,180,0,0.01620379,0.5879127979278564,0
anger,Anger/IED (d1),3,181,1,0.9885915,0.5879127979278564,1
anger,Anger/IED (d1),3,182,0,0.017370032,0.5879127979278564,0
anger,Anger/IED (d1),3,186,1,0.987811,0.5879127979278564,1
anger,Anger/IED (d1),3,187,0,0.013881639,0.5879127979278564,0
anger,Anger/IED (d1),3,190,1,0.40233022,0.5879127979278564,0
anger,Anger/IED (d1),3,197,1,0.9895615,0.5879127979278564,1
anger,Anger/IED (d1),3,208,0,0.013160346,0.5879127979278564,0
anger,Anger/IED (d1),3,209,0,0.015342072,0.5879127979278564,0
anger,Anger/IED (d1),3,222,1,0.98812383,0.5879127979278564,1
anger,Anger/IED (d1),3,223,1,0.98681915,0.5879127979278564,1
anger,Anger/IED (d1),3,230,1,0.9868285,0.5879127979278564,1
anger,Anger/IED (d1),3,235,0,0.0108539965,0.5879127979278564,0
anger,Anger/IED (d1),3,237,0,0.01547059,0.5879127979278564,0
anger,Anger/IED (d1),3,238,1,0.9826682,0.5879127979278564,1
anger,Anger/IED (d1),3,239,1,0.9880982,0.5879127979278564,1
anger,Anger/IED (d1),3,240,1,0.17138267,0.5879127979278564,0
anger,Anger/IED (d1),3,243,0,0.023080735,0.5879127979278564,0
anger,Anger/IED (d1),3,245,0,0.011201827,0.5879127979278564,0
anger,Anger/IED (d1),3,247,0,0.013766383,0.5879127979278564,0
anger,Anger/IED (d1),3,251,0,0.015617728,0.5879127979278564,0
anger,Anger/IED (d1),3,255,1,0.9897563,0.5879127979278564,1
anger,Anger/IED (d1),3,257,1,0.8124794,0.5879127979278564,1
anger,Anger/IED (d1),3,271,1,0.989358,0.5879127979278564,1
anger,Anger/IED (d1),3,273,0,0.021492552,0.5879127979278564,0
anger,Anger/IED (d1),3,274,0,0.010150802,0.5879127979278564,0
anger,Anger/IED (d1),3,276,0,0.017859792,0.5879127979278564,0
anger,Anger/IED (d1),3,278,0,0.0089795375,0.5879127979278564,0
anger,Anger/IED (d1),3,289,0,0.014928507,0.5879127979278564,0
anger,Anger/IED (d1),3,291,1,0.02308838,0.5879127979278564,0
anger,Anger/IED (d1),3,292,0,0.0094221,0.5879127979278564,0
anger,Anger/IED (d1),3,295,0,0.011592718,0.5879127979278564,0
anger,Anger/IED (d1),4,0,0,0.013563841,0.9875542521476746,0
anger,Anger/IED (d1),4,3,0,0.00913367,0.9875542521476746,0
anger,Anger/IED (d1),4,5,1,0.99411774,0.9875542521476746,1
anger,Anger/IED (d1),4,23,1,0.9916835,0.9875542521476746,1
anger,Anger/IED (d1),4,26,0,0.7042556,0.9875542521476746,0
anger,Anger/IED (d1),4,31,0,0.007470678,0.9875542521476746,0
anger,Anger/IED (d1),4,33,1,0.9939678,0.9875542521476746,1
anger,Anger/IED (d1),4,34,1,0.033808824,0.9875542521476746,0
anger,Anger/IED (d1),4,45,0,0.0075326725,0.9875542521476746,0
anger,Anger/IED (d1),4,47,1,0.99404967,0.9875542521476746,1
anger,Anger/IED (d1),4,51,0,0.008588595,0.9875542521476746,0
anger,Anger/IED (d1),4,52,1,0.99377304,0.9875542521476746,1
anger,Anger/IED (d1),4,58,0,0.00945769,0.9875542521476746,0
anger,Anger/IED (d1),4,61,0,0.014793912,0.9875542521476746,0
anger,Anger/IED (d1),4,63,0,0.01677799,0.9875542521476746,0
anger,Anger/IED (d1),4,66,1,0.9940333,0.9875542521476746,1
anger,Anger/IED (d1),4,72,0,0.010014383,0.9875542521476746,0
anger,Anger/IED (d1),4,74,0,0.8975041,0.9875542521476746,0
anger,Anger/IED (d1),4,76,1,0.9941035,0.9875542521476746,1
anger,Anger/IED (d1),4,77,0,0.18399288,0.9875542521476746,0
anger,Anger/IED (d1),4,81,0,0.00739928,0.9875542521476746,0
anger,Anger/IED (d1),4,86,1,0.9922839,0.9875542521476746,1
anger,Anger/IED (d1),4,89,0,0.0066942023,0.9875542521476746,0
anger,Anger/IED (d1),4,98,0,0.013093713,0.9875542521476746,0
anger,Anger/IED (d1),4,101,1,0.984235,0.9875542521476746,0
anger,Anger/IED (d1),4,104,1,0.99410063,0.9875542521476746,1
anger,Anger/IED (d1),4,112,1,0.9941216,0.9875542521476746,1
anger,Anger/IED (d1),4,113,1,0.99258536,0.9875542521476746,1
anger,Anger/IED (d1),4,120,0,0.009171932,0.9875542521476746,0
anger,Anger/IED (d1),4,123,1,0.99367976,0.9875542521476746,1
anger,Anger/IED (d1),4,124,0,0.008650039,0.9875542521476746,0
anger,Anger/IED (d1),4,128,1,0.9932672,0.9875542521476746,1
anger,Anger/IED (d1),4,132,0,0.20384017,0.9875542521476746,0
anger,Anger/IED (d1),4,143,1,0.9934238,0.9875542521476746,1
anger,Anger/IED (d1),4,146,0,0.008970922,0.9875542521476746,0
anger,Anger/IED (d1),4,149,1,0.99397016,0.9875542521476746,1
anger,Anger/IED (d1),4,155,0,0.009403097,0.9875542521476746,0
anger,Anger/IED (d1),4,159,1,0.107709944,0.9875542521476746,0
anger,Anger/IED (d1),4,164,1,0.9928145,0.9875542521476746,1
anger,Anger/IED (d1),4,170,0,0.01665836,0.9875542521476746,0
anger,Anger/IED (d1),4,175,1,0.9915187,0.9875542521476746,1
anger,Anger/IED (d1),4,184,0,0.017585177,0.9875542521476746,0
anger,Anger/IED (d1),4,185,0,0.0075520324,0.9875542521476746,0
anger,Anger/IED (d1),4,188,1,0.99343115,0.9875542521476746,1
anger,Anger/IED (d1),4,191,1,0.9940018,0.9875542521476746,1
anger,Anger/IED (d1),4,195,0,0.0066388827,0.9875542521476746,0
anger,Anger/IED (d1),4,196,0,0.009335009,0.9875542521476746,0
anger,Anger/IED (d1),4,203,1,0.99435824,0.9875542521476746,1
anger,Anger/IED (d1),4,205,1,0.99407613,0.9875542521476746,1
anger,Anger/IED (d1),4,206,0,0.007241853,0.9875542521476746,0
anger,Anger/IED (d1),4,211,1,0.99383074,0.9875542521476746,1
anger,Anger/IED (d1),4,213,1,0.99116546,0.9875542521476746,1
anger,Anger/IED (d1),4,218,1,0.9939201,0.9875542521476746,1
anger,Anger/IED (d1),4,221,0,0.0074586873,0.9875542521476746,0
anger,Anger/IED (d1),4,225,0,0.013450333,0.9875542521476746,0
anger,Anger/IED (d1),4,226,1,0.9933182,0.9875542521476746,1
anger,Anger/IED (d1),4,231,0,0.008302608,0.9875542521476746,0
anger,Anger/IED (d1),4,233,1,0.99430627,0.9875542521476746,1
anger,Anger/IED (d1),4,234,0,0.03656237,0.9875542521476746,0
anger,Anger/IED (d1),4,246,1,0.9941246,0.9875542521476746,1
anger,Anger/IED (d1),4,248,1,0.9894164,0.9875542521476746,1
anger,Anger/IED (d1),4,253,1,0.99408084,0.9875542521476746,1
anger,Anger/IED (d1),4,259,1,0.99010754,0.9875542521476746,1
anger,Anger/IED (d1),4,260,1,0.9928508,0.9875542521476746,1
anger,Anger/IED (d1),4,262,0,0.012414779,0.9875542521476746,0
anger,Anger/IED (d1),4,263,0,0.010511932,0.9875542521476746,0
anger,Anger/IED (d1),4,267,0,0.012307525,0.9875542521476746,0
anger,Anger/IED (d1),4,272,0,0.019610472,0.9875542521476746,0
anger,Anger/IED (d1),4,275,0,0.007135468,0.9875542521476746,0
anger,Anger/IED (d1),4,280,0,0.013412294,0.9875542521476746,0
anger,Anger/IED (d1),4,281,0,0.008310479,0.9875542521476746,0
anger,Anger/IED (d1),4,286,1,0.99309665,0.9875542521476746,1
anger,Anger/IED (d1),4,287,1,0.9941644,0.9875542521476746,1
anger,Anger/IED (d1),4,294,1,0.9931421,0.9875542521476746,1
anxiety,Anxiety (d2),1,3,0,0.2687058,0.37382856011390686,0
anxiety,Anxiety (d2),1,4,1,0.11208149,0.37382856011390686,0
anxiety,Anxiety (d2),1,7,0,0.62868077,0.37382856011390686,1
anxiety,Anxiety (d2),1,10,1,0.8673527,0.37382856011390686,1
anxiety,Anxiety (d2),1,11,1,0.47078013,0.37382856011390686,1
anxiety,Anxiety (d2),1,14,1,0.900071,0.37382856011390686,1
anxiety,Anxiety (d2),1,15,1,0.85481244,0.37382856011390686,1
anxiety,Anxiety (d2),1,20,1,0.830564,0.37382856011390686,1
anxiety,Anxiety (d2),1,21,0,0.036884412,0.37382856011390686,0
anxiety,Anxiety (d2),1,25,0,0.027175823,0.37382856011390686,0
anxiety,Anxiety (d2),1,28,0,0.4088233,0.37382856011390686,1
anxiety,Anxiety (d2),1,30,1,0.90025324,0.37382856011390686,1
anxiety,Anxiety (d2),1,33,1,0.13501504,0.37382856011390686,0
anxiety,Anxiety (d2),1,36,1,0.8941599,0.37382856011390686,1
anxiety,Anxiety (d2),1,38,1,0.8827133,0.37382856011390686,1
anxiety,Anxiety (d2),1,47,1,0.90609056,0.37382856011390686,1
anxiety,Anxiety (d2),1,49,0,0.60203177,0.37382856011390686,1
anxiety,Anxiety (d2),1,50,0,0.07998257,0.37382856011390686,0
anxiety,Anxiety (d2),1,54,0,0.077399164,0.37382856011390686,0
anxiety,Anxiety (d2),1,62,0,0.08774868,0.37382856011390686,0
anxiety,Anxiety (d2),1,64,0,0.88587517,0.37382856011390686,1
anxiety,Anxiety (d2),1,66,1,0.3425273,0.37382856011390686,0
anxiety,Anxiety (d2),1,69,1,0.052963164,0.37382856011390686,0
anxiety,Anxiety (d2),1,72,0,0.87748295,0.37382856011390686,1
anxiety,Anxiety (d2),1,73,1,0.90558404,0.37382856011390686,1
anxiety,Anxiety (d2),1,77,0,0.8603997,0.37382856011390686,1
anxiety,Anxiety (d2),1,81,0,0.8972298,0.37382856011390686,1
anxiety,Anxiety (d2),1,87,1,0.887654,0.37382856011390686,1
anxiety,Anxiety (d2),1,90,1,0.9106682,0.37382856011390686,1
anxiety,Anxiety (d2),1,94,1,0.91133666,0.37382856011390686,1
anxiety,Anxiety (d2),1,97,0,0.025487464,0.37382856011390686,0
anxiety,Anxiety (d2),1,102,0,0.8085586,0.37382856011390686,1
anxiety,Anxiety (d2),1,106,0,0.4797952,0.37382856011390686,1
anxiety,Anxiety (d2),1,109,0,0.023036512,0.37382856011390686,0
anxiety,Anxiety (d2),1,113,0,0.8655492,0.37382856011390686,1
anxiety,Anxiety (d2),1,123,0,0.024890533,0.37382856011390686,0
anxiety,Anxiety (d2),1,128,1,0.90950537,0.37382856011390686,1
anxiety,Anxiety (d2),1,130,0,0.903262,0.37382856011390686,1
anxiety,Anxiety (d2),1,142,0,0.1674514,0.37382856011390686,0
anxiety,Anxiety (d2),1,143,0,0.72145975,0.37382856011390686,1
anxiety,Anxiety (d2),1,147,0,0.682547,0.37382856011390686,1
anxiety,Anxiety (d2),1,151,0,0.8079541,0.37382856011390686,1
anxiety,Anxiety (d2),1,156,1,0.41097704,0.37382856011390686,1
anxiety,Anxiety (d2),1,157,0,0.858741,0.37382856011390686,1
anxiety,Anxiety (d2),1,166,1,0.86365885,0.37382856011390686,1
anxiety,Anxiety (d2),1,179,1,0.90411603,0.37382856011390686,1
anxiety,Anxiety (d2),1,186,1,0.17700456,0.37382856011390686,0
anxiety,Anxiety (d2),1,187,1,0.5813238,0.37382856011390686,1
anxiety,Anxiety (d2),1,190,1,0.9014402,0.37382856011390686,1
anxiety,Anxiety (d2),1,195,1,0.6948646,0.37382856011390686,1
anxiety,Anxiety (d2),1,200,1,0.9133921,0.37382856011390686,1
anxiety,Anxiety (d2),1,202,0,0.3666396,0.37382856011390686,0
anxiety,Anxiety (d2),1,212,0,0.043929853,0.37382856011390686,0
anxiety,Anxiety (d2),1,215,0,0.031854857,0.37382856011390686,0
anxiety,Anxiety (d2),1,219,0,0.2832186,0.37382856011390686,0
anxiety,Anxiety (d2),1,220,0,0.8861188,0.37382856011390686,1
anxiety,Anxiety (d2),1,221,0,0.35797,0.37382856011390686,0
anxiety,Anxiety (d2),1,224,1,0.7623768,0.37382856011390686,1
anxiety,Anxiety (d2),1,226,1,0.44216615,0.37382856011390686,1
anxiety,Anxiety (d2),1,227,1,0.7462148,0.37382856011390686,1
anxiety,Anxiety (d2),1,230,1,0.8838894,0.37382856011390686,1
anxiety,Anxiety (d2),1,234,1,0.89780706,0.37382856011390686,1
anxiety,Anxiety (d2),1,235,1,0.784811,0.37382856011390686,1
anxiety,Anxiety (d2),1,237,1,0.90081626,0.37382856011390686,1
anxiety,Anxiety (d2),1,248,0,0.04873164,0.37382856011390686,0
anxiety,Anxiety (d2),1,255,0,0.89550173,0.37382856011390686,1
anxiety,Anxiety (d2),2,0,0,0.6153192,0.8392553925514221,0
anxiety,Anxiety (d2),2,1,0,0.79430777,0.8392553925514221,0
anxiety,Anxiety (d2),2,13,0,0.8279784,0.8392553925514221,0
anxiety,Anxiety (d2),2,16,1,0.9394584,0.8392553925514221,1
anxiety,Anxiety (d2),2,23,1,0.79089546,0.8392553925514221,0
anxiety,Anxiety (d2),2,24,1,0.93610495,0.8392553925514221,1
anxiety,Anxiety (d2),2,26,0,0.1617082,0.8392553925514221,0
anxiety,Anxiety (d2),2,35,0,0.9364705,0.8392553925514221,1
anxiety,Anxiety (d2),2,41,1,0.6506936,0.8392553925514221,0
anxiety,Anxiety (d2),2,44,1,0.92047197,0.8392553925514221,1
anxiety,Anxiety (d2),2,51,1,0.92660207,0.8392553925514221,1
anxiety,Anxiety (d2),2,57,0,0.11173625,0.8392553925514221,0
anxiety,Anxiety (d2),2,61,0,0.2375852,0.8392553925514221,0
anxiety,Anxiety (d2),2,68,0,0.6396271,0.8392553925514221,0
anxiety,Anxiety (d2),2,71,0,0.09819838,0.8392553925514221,0
anxiety,Anxiety (d2),2,80,1,0.94198734,0.8392553925514221,1
anxiety,Anxiety (d2),2,82,0,0.4842381,0.8392553925514221,0
anxiety,Anxiety (d2),2,85,1,0.9114069,0.8392553925514221,1
anxiety,Anxiety (d2),2,86,1,0.94540083,0.8392553925514221,1
anxiety,Anxiety (d2),2,91,0,0.88858795,0.8392553925514221,1
anxiety,Anxiety (d2),2,92,1,0.93144804,0.8392553925514221,1
anxiety,Anxiety (d2),2,95,1,0.92409295,0.8392553925514221,1
anxiety,Anxiety (d2),2,96,1,0.9377241,0.8392553925514221,1
anxiety,Anxiety (d2),2,98,0,0.08764941,0.8392553925514221,0
anxiety,Anxiety (d2),2,99,1,0.9375147,0.8392553925514221,1
anxiety,Anxiety (d2),2,103,0,0.17429474,0.8392553925514221,0
anxiety,Anxiety (d2),2,104,1,0.8488732,0.8392553925514221,1
anxiety,Anxiety (d2),2,107,1,0.49670127,0.8392553925514221,0
anxiety,Anxiety (d2),2,112,0,0.31822821,0.8392553925514221,0
anxiety,Anxiety (d2),2,116,0,0.09441241,0.8392553925514221,0
anxiety,Anxiety (d2),2,117,0,0.8683475,0.8392553925514221,1
anxiety,Anxiety (d2),2,118,1,0.88243806,0.8392553925514221,1
anxiety,Anxiety (d2),2,120,0,0.7609198,0.8392553925514221,0
anxiety,Anxiety (d2),2,121,1,0.9137379,0.8392553925514221,1
anxiety,Anxiety (d2),2,125,0,0.34480527,0.8392553925514221,0
anxiety,Anxiety (d2),2,132,0,0.19391313,0.8392553925514221,0
anxiety,Anxiety (d2),2,152,0,0.48899195,0.8392553925514221,0
anxiety,Anxiety (d2),2,159,1,0.42536175,0.8392553925514221,0
anxiety,Anxiety (d2),2,163,0,0.09030877,0.8392553925514221,0
anxiety,Anxiety (d2),2,165,0,0.12987956,0.8392553925514221,0
anxiety,Anxiety (d2),2,167,1,0.8628721,0.8392553925514221,1
anxiety,Anxiety (d2),2,169,1,0.24291615,0.8392553925514221,0
anxiety,Anxiety (d2),2,171,0,0.26347333,0.8392553925514221,0
anxiety,Anxiety (d2),2,174,0,0.14106701,0.8392553925514221,0
anxiety,Anxiety (d2),2,177,1,0.9416292,0.8392553925514221,1
anxiety,Anxiety (d2),2,181,1,0.8482904,0.8392553925514221,1
anxiety,Anxiety (d2),2,183,0,0.20768183,0.8392553925514221,0
anxiety,Anxiety (d2),2,184,0,0.14766249,0.8392553925514221,0
anxiety,Anxiety (d2),2,189,1,0.94417834,0.8392553925514221,1
anxiety,Anxiety (d2),2,191,0,0.19196899,0.8392553925514221,0
anxiety,Anxiety (d2),2,192,1,0.91332006,0.8392553925514221,1
anxiety,Anxiety (d2),2,197,0,0.24946174,0.8392553925514221,0
anxiety,Anxiety (d2),2,204,1,0.9361711,0.8392553925514221,1
anxiety,Anxiety (d2),2,205,0,0.095144376,0.8392553925514221,0
anxiety,Anxiety (d2),2,206,0,0.10488587,0.8392553925514221,0
anxiety,Anxiety (d2),2,208,0,0.6968799,0.8392553925514221,0
anxiety,Anxiety (d2),2,211,1,0.6322105,0.8392553925514221,0
anxiety,Anxiety (d2),2,216,1,0.936091,0.8392553925514221,1
anxiety,Anxiety (d2),2,217,0,0.92749596,0.8392553925514221,1
anxiety,Anxiety (d2),2,222,1,0.47425514,0.8392553925514221,0
anxiety,Anxiety (d2),2,241,1,0.9318659,0.8392553925514221,1
anxiety,Anxiety (d2),2,249,0,0.14236893,0.8392553925514221,0
anxiety,Anxiety (d2),2,252,1,0.9026224,0.8392553925514221,1
anxiety,Anxiety (d2),2,253,1,0.8185066,0.8392553925514221,0
anxiety,Anxiety (d2),2,261,1,0.3334298,0.8392553925514221,0
anxiety,Anxiety (d2),2,262,1,0.24562287,0.8392553925514221,0
anxiety,Anxiety (d2),3,2,1,0.83817255,0.7195115089416504,1
anxiety,Anxiety (d2),3,17,0,0.46363866,0.7195115089416504,0
anxiety,Anxiety (d2),3,19,0,0.0742633,0.7195115089416504,0
anxiety,Anxiety (d2),3,22,0,0.07407221,0.7195115089416504,0
anxiety,Anxiety (d2),3,27,1,0.8724649,0.7195115089416504,1
anxiety,Anxiety (d2),3,29,1,0.34346604,0.7195115089416504,0
anxiety,Anxiety (d2),3,31,0,0.05655529,0.7195115089416504,0
anxiety,Anxiety (d2),3,37,1,0.9170986,0.7195115089416504,1
anxiety,Anxiety (d2),3,43,1,0.88942116,0.7195115089416504,1
anxiety,Anxiety (d2),3,45,0,0.115347035,0.7195115089416504,0
anxiety,Anxiety (d2),3,46,0,0.06199743,0.7195115089416504,0
anxiety,Anxiety (d2),3,48,0,0.0550078,0.7195115089416504,0
anxiety,Anxiety (d2),3,56,1,0.8856548,0.7195115089416504,1
anxiety,Anxiety (d2),3,58,0,0.14926621,0.7195115089416504,0
anxiety,Anxiety (d2),3,59,0,0.6547048,0.7195115089416504,0
anxiety,Anxiety (d2),3,63,1,0.9067445,0.7195115089416504,1
anxiety,Anxiety (d2),3,65,1,0.14963505,0.7195115089416504,0
anxiety,Anxiety (d2),3,74,0,0.0609433,0.7195115089416504,0
anxiety,Anxiety (d2),3,76,0,0.574264,0.7195115089416504,0
anxiety,Anxiety (d2),3,78,0,0.08297323,0.7195115089416504,0
anxiety,Anxiety (d2),3,79,1,0.79174244,0.7195115089416504,1
anxiety,Anxiety (d2),3,84,1,0.902855,0.7195115089416504,1
anxiety,Anxiety (d2),3,88,1,0.8364661,0.7195115089416504,1
anxiety,Anxiety (d2),3,89,1,0.8681978,0.7195115089416504,1
anxiety,Anxiety (d2),3,93,0,0.12416175,0.7195115089416504,0
anxiety,Anxiety (d2),3,105,0,0.27228266,0.7195115089416504,0
anxiety,Anxiety (d2),3,110,0,0.5709043,0.7195115089416504,0
anxiety,Anxiety (d2),3,114,0,0.7387388,0.7195115089416504,1
anxiety,Anxiety (d2),3,115,0,0.39818415,0.7195115089416504,0
anxiety,Anxiety (d2),3,119,1,0.18513335,0.7195115089416504,0
anxiety,Anxiety (d2),3,126,0,0.6966761,0.7195115089416504,0
anxiety,Anxiety (d2),3,127,1,0.9087714,0.7195115089416504,1
anxiety,Anxiety (d2),3,129,1,0.89942414,0.7195115089416504,1
anxiety,Anxiety (d2),3,133,0,0.077394255,0.7195115089416504,0
anxiety,Anxiety (d2),3,135,1,0.8085897,0.7195115089416504,1
anxiety,Anxiety (d2),3,137,1,0.41915807,0.7195115089416504,0
anxiety,Anxiety (d2),3,139,1,0.9171078,0.7195115089416504,1
anxiety,Anxiety (d2),3,144,1,0.89693195,0.7195115089416504,1
anxiety,Anxiety (d2),3,145,0,0.20346667,0.7195115089416504,0
anxiety,Anxiety (d2),3,150,1,0.9005,0.7195115089416504,1
anxiety,Anxiety (d2),3,153,0,0.57905793,0.7195115089416504,0
anxiety,Anxiety (d2),3,155,1,0.53486305,0.7195115089416504,0
anxiety,Anxiety (d2),3,158,0,0.091754764,0.7195115089416504,0
anxiety,Anxiety (d2),3,161,1,0.89422476,0.7195115089416504,1
anxiety,Anxiety (d2),3,164,1,0.40753782,0.7195115089416504,0
anxiety,Anxiety (d2),3,176,0,0.0600051,0.7195115089416504,0
anxiety,Anxiety (d2),3,182,0,0.6421833,0.7195115089416504,0
anxiety,Anxiety (d2),3,185,1,0.7714687,0.7195115089416504,1
anxiety,Anxiety (d2),3,188,0,0.0761256,0.7195115089416504,0
anxiety,Anxiety (d2),3,194,0,0.10372952,0.7195115089416504,0
anxiety,Anxiety (d2),3,198,1,0.6563739,0.7195115089416504,0
anxiety,Anxiety (d2),3,199,0,0.19533074,0.7195115089416504,0
anxiety,Anxiety (d2),3,210,1,0.9082989,0.7195115089416504,1
anxiety,Anxiety (d2),3,218,1,0.87836784,0.7195115089416504,1
anxiety,Anxiety (d2),3,225,1,0.6013023,0.7195115089416504,0
anxiety,Anxiety (d2),3,231,1,0.61125284,0.7195115089416504,0
anxiety,Anxiety (d2),3,236,0,0.085392565,0.7195115089416504,0
anxiety,Anxiety (d2),3,239,0,0.08051025,0.7195115089416504,0
anxiety,Anxiety (d2),3,240,1,0.14158832,0.7195115089416504,0
anxiety,Anxiety (d2),3,242,0,0.14275572,0.7195115089416504,0
anxiety,Anxiety (d2),3,243,0,0.054806918,0.7195115089416504,0
anxiety,Anxiety (d2),3,250,0,0.13657773,0.7195115089416504,0
anxiety,Anxiety (d2),3,254,1,0.8810725,0.7195115089416504,1
anxiety,Anxiety (d2),3,256,1,0.88690263,0.7195115089416504,1
anxiety,Anxiety (d2),3,257,0,0.058463763,0.7195115089416504,0
anxiety,Anxiety (d2),3,260,1,0.9013272,0.7195115089416504,1
anxiety,Anxiety (d2),4,5,1,0.8730632,0.8013502955436707,1
anxiety,Anxiety (d2),4,6,1,0.6758464,0.8013502955436707,0
anxiety,Anxiety (d2),4,8,0,0.865332,0.8013502955436707,1
anxiety,Anxiety (d2),4,9,1,0.6836378,0.8013502955436707,0
anxiety,Anxiety (d2),4,12,1,0.5561688,0.8013502955436707,0
anxiety,Anxiety (d2),4,18,0,0.105241425,0.8013502955436707,0
anxiety,Anxiety (d2),4,32,0,0.35942888,0.8013502955436707,0
anxiety,Anxiety (d2),4,34,1,0.8114037,0.8013502955436707,1
anxiety,Anxiety (d2),4,39,1,0.5017981,0.8013502955436707,0
anxiety,Anxiety (d2),4,40,1,0.8758965,0.8013502955436707,1
anxiety,Anxiety (d2),4,42,1,0.8914088,0.8013502955436707,1
anxiety,Anxiety (d2),4,52,1,0.8523003,0.8013502955436707,1
anxiety,Anxiety (d2),4,53,0,0.5769578,0.8013502955436707,0
anxiety,Anxiety (d2),4,55,0,0.2484016,0.8013502955436707,0
anxiety,Anxiety (d2),4,60,1,0.87073183,0.8013502955436707,1
anxiety,Anxiety (d2),4,67,1,0.81841516,0.8013502955436707,1
anxiety,Anxiety (d2),4,70,1,0.88109374,0.8013502955436707,1
anxiety,Anxiety (d2),4,75,0,0.11935711,0.8013502955436707,0
anxiety,Anxiety (d2),4,83,1,0.3707685,0.8013502955436707,0
anxiety,Anxiety (d2),4,100,1,0.89473563,0.8013502955436707,1
anxiety,Anxiety (d2),4,101,0,0.6533713,0.8013502955436707,0
anxiety,Anxiety (d2),4,108,0,0.32483417,0.8013502955436707,0
anxiety,Anxiety (d2),4,111,0,0.12247053,0.8013502955436707,0
anxiety,Anxiety (d2),4,122,1,0.8443562,0.8013502955436707,1
anxiety,Anxiety (d2),4,124,0,0.10916523,0.8013502955436707,0
anxiety,Anxiety (d2),4,131,1,0.7189786,0.8013502955436707,0
anxiety,Anxiety (d2),4,134,1,0.49801815,0.8013502955436707,0
anxiety,Anxiety (d2),4,136,1,0.8660834,0.8013502955436707,1
anxiety,Anxiety (d2),4,138,0,0.6078632,0.8013502955436707,0
anxiety,Anxiety (d2),4,140,0,0.87603736,0.8013502955436707,1
anxiety,Anxiety (d2),4,141,1,0.895609,0.8013502955436707,1
anxiety,Anxiety (d2),4,146,1,0.89252543,0.8013502955436707,1
anxiety,Anxiety (d2),4,148,1,0.8804779,0.8013502955436707,1
anxiety,Anxiety (d2),4,149,1,0.84688365,0.8013502955436707,1
anxiety,Anxiety (d2),4,154,0,0.7814857,0.8013502955436707,0
anxiety,Anxiety (d2),4,160,0,0.7574479,0.8013502955436707,0
anxiety,Anxiety (d2),4,162,0,0.51093733,0.8013502955436707,0
anxiety,Anxiety (d2),4,168,1,0.54505754,0.8013502955436707,0
anxiety,Anxiety (d2),4,170,0,0.36575544,0.8013502955436707,0
anxiety,Anxiety (d2),4,172,0,0.48108563,0.8013502955436707,0
anxiety,Anxiety (d2),4,173,1,0.8803533,0.8013502955436707,1
anxiety,Anxiety (d2),4,175,0,0.25343525,0.8013502955436707,0
anxiety,Anxiety (d2),4,178,0,0.7765488,0.8013502955436707,0
anxiety,Anxiety (d2),4,180,1,0.71689504,0.8013502955436707,0
anxiety,Anxiety (d2),4,193,1,0.62697965,0.8013502955436707,0
anxiety,Anxiety (d2),4,196,0,0.09898219,0.8013502955436707,0
anxiety,Anxiety (d2),4,201,1,0.88421094,0.8013502955436707,1
anxiety,Anxiety (d2),4,203,0,0.6438704,0.8013502955436707,0
anxiety,Anxiety (d2),4,207,0,0.34438762,0.8013502955436707,0
anxiety,Anxiety (d2),4,209,1,0.79982054,0.8013502955436707,0
anxiety,Anxiety (d2),4,213,0,0.7270582,0.8013502955436707,0
anxiety,Anxiety (d2),4,214,0,0.10267486,0.8013502955436707,0
anxiety,Anxiety (d2),4,223,1,0.8863725,0.8013502955436707,1
anxiety,Anxiety (d2),4,228,0,0.35534197,0.8013502955436707,0
anxiety,Anxiety (d2),4,229,1,0.7032973,0.8013502955436707,0
anxiety,Anxiety (d2),4,232,0,0.24313739,0.8013502955436707,0
anxiety,Anxiety (d2),4,233,0,0.4914139,0.8013502955436707,0
anxiety,Anxiety (d2),4,238,0,0.099659204,0.8013502955436707,0
anxiety,Anxiety (d2),4,244,0,0.246868,0.8013502955436707,0
anxiety,Anxiety (d2),4,245,1,0.89373356,0.8013502955436707,1
anxiety,Anxiety (d2),4,246,1,0.6462757,0.8013502955436707,0
anxiety,Anxiety (d2),4,247,0,0.86471385,0.8013502955436707,1
anxiety,Anxiety (d2),4,251,0,0.8418458,0.8013502955436707,1
anxiety,Anxiety (d2),4,258,1,0.67862594,0.8013502955436707,0
anxiety,Anxiety (d2),4,259,0,0.59765196,0.8013502955436707,0
depression,Depression (d3),1,1,0,0.016711252,0.9669888615608215,0
depression,Depression (d3),1,2,0,0.0125632025,0.9669888615608215,0
depression,Depression (d3),1,12,1,0.3120812,0.9669888615608215,0
depression,Depression (d3),1,17,0,0.9682225,0.9669888615608215,1
depression,Depression (d3),1,21,1,0.96252507,0.9669888615608215,0
depression,Depression (d3),1,26,1,0.97558904,0.9669888615608215,1
depression,Depression (d3),1,32,1,0.97524685,0.9669888615608215,1
depression,Depression (d3),1,33,1,0.9803798,0.9669888615608215,1
depression,Depression (d3),1,41,0,0.17113104,0.9669888615608215,0
depression,Depression (d3),1,43,1,0.98455805,0.9669888615608215,1
depression,Depression (d3),1,45,1,0.9849748,0.9669888615608215,1
depression,Depression (d3),1,60,0,0.959944,0.9669888615608215,0
depression,Depression (d3),1,62,0,0.009822721,0.9669888615608215,0
depression,Depression (d3),1,67,1,0.98290586,0.9669888615608215,1
depression,Depression (d3),1,69,1,0.9854768,0.9669888615608215,1
depression,Depression (d3),1,71,1,0.98498696,0.9669888615608215,1
depression,Depression (d3),1,74,1,0.98543173,0.9669888615608215,1
depression,Depression (d3),1,77,1,0.9854241,0.9669888615608215,1
depression,Depression (d3),1,84,1,0.98144525,0.9669888615608215,1
depression,Depression (d3),1,89,0,0.015079582,0.9669888615608215,0
depression,Depression (d3),1,90,0,0.9558697,0.9669888615608215,0
depression,Depression (d3),1,95,0,0.02786897,0.9669888615608215,0
depression,Depression (d3),1,96,0,0.1246704,0.9669888615608215,0
depression,Depression (d3),1,100,1,0.98064005,0.9669888615608215,1
depression,Depression (d3),1,104,0,0.034251574,0.9669888615608215,0
depression,Depression (d3),1,106,1,0.98087215,0.9669888615608215,1
depression,Depression (d3),1,110,1,0.84695697,0.9669888615608215,0
depression,Depression (d3),1,115,1,0.9529725,0.9669888615608215,0
depression,Depression (d3),1,123,1,0.983621,0.9669888615608215,1
depression,Depression (d3),1,124,1,0.98511004,0.9669888615608215,1
depression,Depression (d3),1,132,0,0.010531601,0.9669888615608215,0
depression,Depression (d3),1,135,1,0.98573095,0.9669888615608215,1
depression,Depression (d3),1,136,1,0.97832733,0.9669888615608215,1
depression,Depression (d3),1,137,0,0.4461691,0.9669888615608215,0
depression,Depression (d3),1,140,0,0.011955734,0.9669888615608215,0
depression,Depression (d3),1,141,1,0.9745001,0.9669888615608215,1
depression,Depression (d3),1,143,0,0.016923472,0.9669888615608215,0
depression,Depression (d3),1,156,1,0.9656701,0.9669888615608215,0
depression,Depression (d3),1,157,0,0.013875094,0.9669888615608215,0
depression,Depression (d3),1,158,1,0.9738376,0.9669888615608215,1
depression,Depression (d3),1,162,1,0.97768193,0.9669888615608215,1
depression,Depression (d3),1,164,0,0.06954567,0.9669888615608215,0
depression,Depression (d3),1,165,1,0.047135446,0.9669888615608215,0
depression,Depression (d3),1,169,1,0.98135436,0.9669888615608215,1
depression,Depression (d3),1,171,0,0.13232331,0.9669888615608215,0
depression,Depression (d3),1,173,1,0.98357534,0.9669888615608215,1
depression,Depression (d3),1,174,0,0.021079535,0.9669888615608215,0
depression,Depression (d3),1,175,1,0.9844089,0.9669888615608215,1
depression,Depression (d3),1,183,1,0.98343766,0.9669888615608215,1
depression,Depression (d3),1,191,1,0.9847001,0.9669888615608215,1
depression,Depression (d3),1,193,0,0.009478405,0.9669888615608215,0
depression,Depression (d3),1,198,0,0.1691921,0.9669888615608215,0
depression,Depression (d3),1,201,0,0.012721002,0.9669888615608215,0
depression,Depression (d3),1,204,0,0.14031255,0.9669888615608215,0
depression,Depression (d3),1,207,0,0.01298768,0.9669888615608215,0
depression,Depression (d3),1,208,0,0.012511991,0.9669888615608215,0
depression,Depression (d3),1,210,0,0.012510071,0.9669888615608215,0
depression,Depression (d3),1,211,1,0.96218413,0.9669888615608215,0
depression,Depression (d3),1,212,0,0.35431144,0.9669888615608215,0
depression,Depression (d3),1,217,1,0.98755205,0.9669888615608215,1
depression,Depression (d3),1,221,0,0.33947673,0.9669888615608215,0
depression,Depression (d3),1,229,0,0.016406117,0.9669888615608215,0
depression,Depression (d3),1,236,1,0.9835036,0.9669888615608215,1
depression,Depression (d3),1,239,1,0.9249492,0.9669888615608215,0
depression,Depression (d3),1,240,0,0.012831864,0.9669888615608215,0
depression,Depression (d3),1,243,1,0.98673975,0.9669888615608215,1
depression,Depression (d3),1,245,0,0.009506803,0.9669888615608215,0
depression,Depression (d3),1,246,0,0.5272575,0.9669888615608215,0
depression,Depression (d3),1,247,1,0.94266486,0.9669888615608215,0
depression,Depression (d3),1,248,1,0.9807227,0.9669888615608215,1
depression,Depression (d3),1,252,0,0.00925665,0.9669888615608215,0
depression,Depression (d3),1,253,1,0.97888374,0.9669888615608215,1
depression,Depression (d3),1,254,0,0.98222363,0.9669888615608215,1
depression,Depression (d3),1,263,0,0.012571931,0.9669888615608215,0
depression,Depression (d3),1,272,0,0.19224955,0.9669888615608215,0
depression,Depression (d3),1,276,0,0.012862676,0.9669888615608215,0
depression,Depression (d3),1,280,0,0.13752413,0.9669888615608215,0
depression,Depression (d3),1,290,0,0.020021485,0.9669888615608215,0
depression,Depression (d3),1,292,1,0.97696006,0.9669888615608215,1
depression,Depression (d3),1,293,1,0.23135047,0.9669888615608215,0
depression,Depression (d3),1,294,0,0.9835836,0.9669888615608215,1
depression,Depression (d3),1,295,0,0.4045592,0.9669888615608215,0
depression,Depression (d3),1,297,1,0.9846296,0.9669888615608215,1
depression,Depression (d3),1,300,1,0.95123905,0.9669888615608215,0
depression,Depression (d3),1,308,0,0.9827483,0.9669888615608215,1
depression,Depression (d3),1,312,1,0.9841852,0.9669888615608215,1
depression,Depression (d3),1,314,1,0.9865346,0.9669888615608215,1
depression,Depression (d3),1,315,0,0.96644115,0.9669888615608215,0
depression,Depression (d3),1,318,1,0.9861255,0.9669888615608215,1
depression,Depression (d3),1,322,0,0.024288828,0.9669888615608215,0
depression,Depression (d3),1,332,0,0.2711427,0.9669888615608215,0
depression,Depression (d3),1,335,1,0.9801185,0.9669888615608215,1
depression,Depression (d3),1,347,0,0.04428539,0.9669888615608215,0
depression,Depression (d3),1,351,0,0.015779408,0.9669888615608215,0
depression,Depression (d3),1,355,1,0.9861611,0.9669888615608215,1
depression,Depression (d3),1,359,0,0.0128873475,0.9669888615608215,0
depression,Depression (d3),1,363,0,0.8772927,0.9669888615608215,0
depression,Depression (d3),1,374,1,0.96839285,0.9669888615608215,1
depression,Depression (d3),1,379,1,0.9861616,0.9669888615608215,1
depression,Depression (d3),1,385,0,0.018533932,0.9669888615608215,0
depression,Depression (d3),1,394,0,0.024917975,0.9669888615608215,0
depression,Depression (d3),2,0,0,0.05654315,0.982799768447876,0
depression,Depression (d3),2,7,0,0.012920023,0.982799768447876,0
depression,Depression (d3),2,9,1,0.9903758,0.982799768447876,1
depression,Depression (d3),2,14,1,0.98631567,0.982799768447876,1
depression,Depression (d3),2,18,1,0.9686017,0.982799768447876,0
depression,Depression (d3),2,19,0,0.29691553,0.982799768447876,0
depression,Depression (d3),2,20,1,0.98933905,0.982799768447876,1
depression,Depression (d3),2,24,0,0.9844871,0.982799768447876,1
depression,Depression (d3),2,29,1,0.9907569,0.982799768447876,1
depression,Depression (d3),2,30,1,0.9900283,0.982799768447876,1
depression,Depression (d3),2,31,1,0.98117036,0.982799768447876,0
depression,Depression (d3),2,35,0,0.016275682,0.982799768447876,0
depression,Depression (d3),2,37,0,0.028494095,0.982799768447876,0
depression,Depression (d3),2,38,0,0.26645872,0.982799768447876,0
depression,Depression (d3),2,40,1,0.011198309,0.982799768447876,0
depression,Depression (d3),2,46,0,0.54868203,0.982799768447876,0
depression,Depression (d3),2,47,0,0.011701079,0.982799768447876,0
depression,Depression (d3),2,48,1,0.98950243,0.982799768447876,1
depression,Depression (d3),2,49,0,0.020565297,0.982799768447876,0
depression,Depression (d3),2,50,0,0.17713629,0.982799768447876,0
depression,Depression (d3),2,51,1,0.99059254,0.982799768447876,1
depression,Depression (d3),2,52,0,0.9483178,0.982799768447876,0
depression,Depression (d3),2,55,1,0.9433787,0.982799768447876,0
depression,Depression (d3),2,56,1,0.98643064,0.982799768447876,1
depression,Depression (d3),2,61,1,0.98916197,0.982799768447876,1
depression,Depression (d3),2,63,0,0.010921895,0.982799768447876,0
depression,Depression (d3),2,65,1,0.10726206,0.982799768447876,0
depression,Depression (d3),2,68,1,0.119923614,0.982799768447876,0
depression,Depression (d3),2,72,0,0.016837431,0.982799768447876,0
depression,Depression (d3),2,83,0,0.030915515,0.982799768447876,0
depression,Depression (d3),2,86,1,0.98070574,0.982799768447876,0
depression,Depression (d3),2,87,0,0.03808344,0.982799768447876,0
depression,Depression (d3),2,92,1,0.99077445,0.982799768447876,1
depression,Depression (d3),2,97,1,0.98956865,0.982799768447876,1
depression,Depression (d3),2,99,0,0.011582351,0.982799768447876,0
depression,Depression (d3),2,105,1,0.9872181,0.982799768447876,1
depression,Depression (d3),2,111,1,0.9905413,0.982799768447876,1
depression,Depression (d3),2,113,0,0.025003705,0.982799768447876,0
depression,Depression (d3),2,116,0,0.23370607,0.982799768447876,0
depression,Depression (d3),2,121,1,0.98834956,0.982799768447876,1
depression,Depression (d3),2,125,1,0.98653644,0.982799768447876,1
depression,Depression (d3),2,126,0,0.97026485,0.982799768447876,0
depression,Depression (d3),2,128,0,0.08577157,0.982799768447876,0
depression,Depression (d3),2,130,1,0.22465838,0.982799768447876,0
depression,Depression (d3),2,133,1,0.20020239,0.982799768447876,0
depression,Depression (d3),2,144,1,0.65266836,0.982799768447876,0
depression,Depression (d3),2,147,0,0.9836369,0.982799768447876,1
depression,Depression (d3),2,149,1,0.9436814,0.982799768447876,0
depression,Depression (d3),2,151,0,0.9775121,0.982799768447876,0
depression,Depression (d3),2,161,1,0.9913201,0.982799768447876,1
depression,Depression (d3),2,168,0,0.01201722,0.982799768447876,0
depression,Depression (d3),2,172,0,0.015579333,0.982799768447876,0
depression,Depression (d3),2,178,1,0.990637,0.982799768447876,1
depression,Depression (d3),2,181,1,0.9901924,0.982799768447876,1
depression,Depression (d3),2,182,1,0.9889958,0.982799768447876,1
depression,Depression (d3),2,185,0,0.83824086,0.982799768447876,0
depression,Depression (d3),2,195,1,0.7808672,0.982799768447876,0
depression,Depression (d3),2,197,0,0.012054501,0.982799768447876,0
depression,Depression (d3),2,218,1,0.98973876,0.982799768447876,1
depression,Depression (d3),2,222,1,0.98420924,0.982799768447876,1
depression,Depression (d3),2,223,1,0.97522485,0.982799768447876,0
depression,Depression (d3),2,224,0,0.7476267,0.982799768447876,0
depression,Depression (d3),2,232,0,0.02220208,0.982799768447876,0
depression,Depression (d3),2,235,0,0.98434895,0.982799768447876,1
depression,Depression (d3),2,237,1,0.9784837,0.982799768447876,0
depression,Depression (d3),2,260,0,0.025317118,0.982799768447876,0
depression,Depression (d3),2,267,1,0.9909932,0.982799768447876,1
depression,Depression (d3),2,270,1,0.9792684,0.982799768447876,0
depression,Depression (d3),2,273,0,0.012499343,0.982799768447876,0
depression,Depression (d3),2,279,1,0.95068544,0.982799768447876,0
depression,Depression (d3),2,283,0,0.015169809,0.982799768447876,0
depression,Depression (d3),2,291,0,0.03831909,0.982799768447876,0
depression,Depression (d3),2,301,0,0.010184485,0.982799768447876,0
depression,Depression (d3),2,303,0,0.9906413,0.982799768447876,1
depression,Depression (d3),2,306,0,0.98124665,0.982799768447876,0
depression,Depression (d3),2,307,1,0.98866653,0.982799768447876,1
depression,Depression (d3),2,313,1,0.9896181,0.982799768447876,1
depression,Depression (d3),2,319,0,0.016488893,0.982799768447876,0
depression,Depression (d3),2,323,0,0.98667777,0.982799768447876,1
depression,Depression (d3),2,329,0,0.011570561,0.982799768447876,0
depression,Depression (d3),2,330,0,0.016963365,0.982799768447876,0
depression,Depression (d3),2,334,1,0.9906544,0.982799768447876,1
depression,Depression (d3),2,339,0,0.68195146,0.982799768447876,0
depression,Depression (d3),2,342,1,0.9783966,0.982799768447876,0
depression,Depression (d3),2,343,1,0.4860575,0.982799768447876,0
depression,Depression (d3),2,346,1,0.98507994,0.982799768447876,1
depression,Depression (d3),2,349,0,0.009718549,0.982799768447876,0
depression,Depression (d3),2,352,0,0.015705692,0.982799768447876,0
depression,Depression (d3),2,357,1,0.98568463,0.982799768447876,1
depression,Depression (d3),2,360,1,0.8968724,0.982799768447876,0
depression,Depression (d3),2,364,0,0.014518849,0.982799768447876,0
depression,Depression (d3),2,367,1,0.9904259,0.982799768447876,1
depression,Depression (d3),2,371,1,0.99081224,0.982799768447876,1
depression,Depression (d3),2,373,1,0.9900838,0.982799768447876,1
depression,Depression (d3),2,377,0,0.9798203,0.982799768447876,0
depression,Depression (d3),2,380,0,0.06282395,0.982799768447876,0
depression,Depression (d3),2,382,0,0.010732702,0.982799768447876,0
depression,Depression (d3),2,390,1,0.9886896,0.982799768447876,1
depression,Depression (d3),2,391,0,0.012994515,0.982799768447876,0
depression,Depression (d3),2,396,0,0.012268021,0.982799768447876,0
depression,Depression (d3),2,398,1,0.98020387,0.982799768447876,0
depression,Depression (d3),3,5,0,0.012851643,0.09143108874559402,0
depression,Depression (d3),3,6,0,0.1852669,0.09143108874559402,1
depression,Depression (d3),3,15,1,0.9776053,0.09143108874559402,1
depression,Depression (d3),3,16,1,0.41433862,0.09143108874559402,1
depression,Depression (d3),3,28,1,0.9689103,0.09143108874559402,1
depression,Depression (d3),3,39,0,0.96688384,0.09143108874559402,1
depression,Depression (d3),3,42,1,0.9781196,0.09143108874559402,1
depression,Depression (d3),3,44,0,0.83173275,0.09143108874559402,1
depression,Depression (d3),3,53,0,0.9724201,0.09143108874559402,1
depression,Depression (d3),3,54,1,0.9710897,0.09143108874559402,1
depression,Depression (d3),3,57,0,0.013471736,0.09143108874559402,0
depression,Depression (d3),3,58,1,0.9754625,0.09143108874559402,1
depression,Depression (d3),3,59,1,0.974359,0.09143108874559402,1
depression,Depression (d3),3,66,1,0.97222114,0.09143108874559402,1
depression,Depression (d3),3,70,1,0.9748132,0.09143108874559402,1
depression,Depression (d3),3,73,1,0.114867166,0.09143108874559402,1
depression,Depression (d3),3,75,1,0.97727716,0.09143108874559402,1
depression,Depression (d3),3,76,0,0.025833022,0.09143108874559402,0
depression,Depression (d3),3,78,0,0.010770205,0.09143108874559402,0
depression,Depression (d3),3,79,0,0.94050324,0.09143108874559402,1
depression,Depression (d3),3,80,1,0.97063744,0.09143108874559402,1
depression,Depression (d3),3,81,0,0.97956,0.09143108874559402,1
depression,Depression (d3),3,91,0,0.012559661,0.09143108874559402,0
depression,Depression (d3),3,94,1,0.013899738,0.09143108874559402,0
depression,Depression (d3),3,98,0,0.97893983,0.09143108874559402,1
depression,Depression (d3),3,102,0,0.0126128765,0.09143108874559402,0
depression,Depression (d3),3,107,0,0.8933082,0.09143108874559402,1
depression,Depression (d3),3,109,1,0.9773546,0.09143108874559402,1
depression,Depression (d3),3,112,0,0.95220584,0.09143108874559402,1
depression,Depression (d3),3,114,0,0.9111059,0.09143108874559402,1
depression,Depression (d3),3,129,1,0.9746695,0.09143108874559402,1
depression,Depression (d3),3,131,1,0.9768857,0.09143108874559402,1
depression,Depression (d3),3,134,1,0.9777543,0.09143108874559402,1
depression,Depression (d3),3,138,1,0.97806805,0.09143108874559402,1
depression,Depression (d3),3,139,1,0.9774878,0.09143108874559402,1
depression,Depression (d3),3,142,0,0.303196,0.09143108874559402,1
depression,Depression (d3),3,150,0,0.8966296,0.09143108874559402,1
depression,Depression (d3),3,152,0,0.012709455,0.09143108874559402,0
depression,Depression (d3),3,155,1,0.9790421,0.09143108874559402,1
depression,Depression (d3),3,159,0,0.0150208,0.09143108874559402,0
depression,Depression (d3),3,160,0,0.24829213,0.09143108874559402,1
depression,Depression (d3),3,166,1,0.9793043,0.09143108874559402,1
depression,Depression (d3),3,167,0,0.07265658,0.09143108874559402,0
depression,Depression (d3),3,170,0,0.018531416,0.09143108874559402,0
depression,Depression (d3),3,177,1,0.978217,0.09143108874559402,1
depression,Depression (d3),3,186,1,0.7698364,0.09143108874559402,1
depression,Depression (d3),3,188,1,0.9731319,0.09143108874559402,1
depression,Depression (d3),3,190,1,0.7886491,0.09143108874559402,1
depression,Depression (d3),3,199,0,0.091014475,0.09143108874559402,0
depression,Depression (d3),3,200,0,0.20230637,0.09143108874559402,1
depression,Depression (d3),3,202,1,0.686062,0.09143108874559402,1
depression,Depression (d3),3,209,0,0.010837581,0.09143108874559402,0
depression,Depression (d3),3,213,0,0.011367988,0.09143108874559402,0
depression,Depression (d3),3,214,0,0.5454483,0.09143108874559402,1
depression,Depression (d3),3,215,0,0.9662003,0.09143108874559402,1
depression,Depression (d3),3,216,1,0.9764237,0.09143108874559402,1
depression,Depression (d3),3,219,0,0.94949394,0.09143108874559402,1
depression,Depression (d3),3,220,1,0.9796959,0.09143108874559402,1
depression,Depression (d3),3,225,0,0.97429967,0.09143108874559402,1
depression,Depression (d3),3,227,0,0.010636412,0.09143108874559402,0
depression,Depression (d3),3,233,0,0.012808221,0.09143108874559402,0
depression,Depression (d3),3,234,1,0.977218,0.09143108874559402,1
depression,Depression (d3),3,241,1,0.9774954,0.09143108874559402,1
depression,Depression (d3),3,244,1,0.97947705,0.09143108874559402,1
depression,Depression (d3),3,249,0,0.014512865,0.09143108874559402,0
depression,Depression (d3),3,258,0,0.97129446,0.09143108874559402,1
depression,Depression (d3),3,261,1,0.021687105,0.09143108874559402,0
depression,Depression (d3),3,277,0,0.010713854,0.09143108874559402,0
depression,Depression (d3),3,278,1,0.97894704,0.09143108874559402,1
depression,Depression (d3),3,281,1,0.9440984,0.09143108874559402,1
depression,Depression (d3),3,282,0,0.011360295,0.09143108874559402,0
depression,Depression (d3),3,284,0,0.26373032,0.09143108874559402,1
depression,Depression (d3),3,296,1,0.96885836,0.09143108874559402,1
depression,Depression (d3),3,299,0,0.97482544,0.09143108874559402,1
depression,Depression (d3),3,302,1,0.97540194,0.09143108874559402,1
depression,Depression (d3),3,309,1,0.97739476,0.09143108874559402,1
depression,Depression (d3),3,317,1,0.9751617,0.09143108874559402,1
depression,Depression (d3),3,321,0,0.011330792,0.09143108874559402,0
depression,Depression (d3),3,324,1,0.97577786,0.09143108874559402,1
depression,Depression (d3),3,326,0,0.92796326,0.09143108874559402,1
depression,Depression (d3),3,331,0,0.014885008,0.09143108874559402,0
depression,Depression (d3),3,333,1,0.8838064,0.09143108874559402,1
depression,Depression (d3),3,337,1,0.9732603,0.09143108874559402,1
depression,Depression (d3),3,353,1,0.97902566,0.09143108874559402,1
depression,Depression (d3),3,358,0,0.97723013,0.09143108874559402,1
depression,Depression (d3),3,365,1,0.97532123,0.09143108874559402,1
depression,Depression (d3),3,366,0,0.010966287,0.09143108874559402,0
depression,Depression (d3),3,368,1,0.9760469,0.09143108874559402,1
depression,Depression (d3),3,369,1,0.97664624,0.09143108874559402,1
depression,Depression (d3),3,370,0,0.014636066,0.09143108874559402,0
depression,Depression (d3),3,372,1,0.9803022,0.09143108874559402,1
depression,Depression (d3),3,376,0,0.025537692,0.09143108874559402,0
depression,Depression (d3),3,378,0,0.9790629,0.09143108874559402,1
depression,Depression (d3),3,381,1,0.97664624,0.09143108874559402,1
depression,Depression (d3),3,383,0,0.013529914,0.09143108874559402,0
depression,Depression (d3),3,386,1,0.9169042,0.09143108874559402,1
depression,Depression (d3),3,393,0,0.13332793,0.09143108874559402,1
depression,Depression (d3),3,399,1,0.97867143,0.09143108874559402,1
depression,Depression (d3),3,400,1,0.97687215,0.09143108874559402,1
depression,Depression (d3),3,402,0,0.34686312,0.09143108874559402,1
depression,Depression (d3),3,403,1,0.978953,0.09143108874559402,1
depression,Depression (d3),4,3,0,0.028168764,0.6735813617706299,0
depression,Depression (d3),4,4,1,0.49144217,0.6735813617706299,0
depression,Depression (d3),4,8,0,0.013572309,0.6735813617706299,0
depression,Depression (d3),4,10,0,0.7595243,0.6735813617706299,1
depression,Depression (d3),4,11,1,0.9839426,0.6735813617706299,1
depression,Depression (d3),4,13,1,0.98459923,0.6735813617706299,1
depression,Depression (d3),4,22,0,0.015998162,0.6735813617706299,0
depression,Depression (d3),4,23,0,0.02158635,0.6735813617706299,0
depression,Depression (d3),4,25,0,0.021637015,0.6735813617706299,0
depression,Depression (d3),4,27,0,0.01818158,0.6735813617706299,0
depression,Depression (d3),4,34,1,0.84160554,0.6735813617706299,1
depression,Depression (d3),4,36,0,0.84043,0.6735813617706299,1
depression,Depression (d3),4,64,1,0.34658548,0.6735813617706299,0
depression,Depression (d3),4,82,0,0.013933025,0.6735813617706299,0
depression,Depression (d3),4,85,1,0.9822192,0.6735813617706299,1
depression,Depression (d3),4,88,0,0.014362584,0.6735813617706299,0
depression,Depression (d3),4,93,0,0.041656815,0.6735813617706299,0
depression,Depression (d3),4,101,1,0.9844036,0.6735813617706299,1
depression,Depression (d3),4,103,0,0.98387074,0.6735813617706299,1
depression,Depression (d3),4,108,1,0.56981224,0.6735813617706299,0
depression,Depression (d3),4,117,0,0.80023575,0.6735813617706299,1
depression,Depression (d3),4,118,1,0.8263293,0.6735813617706299,1
depression,Depression (d3),4,119,1,0.27462983,0.6735813617706299,0
depression,Depression (d3),4,120,1,0.9835073,0.6735813617706299,1
depression,Depression (d3),4,122,1,0.9856375,0.6735813617706299,1
depression,Depression (d3),4,127,0,0.029416256,0.6735813617706299,0
depression,Depression (d3),4,145,1,0.9306083,0.6735813617706299,1
depression,Depression (d3),4,146,0,0.9546313,0.6735813617706299,1
depression,Depression (d3),4,148,1,0.9770945,0.6735813617706299,1
depression,Depression (d3),4,153,0,0.017500808,0.6735813617706299,0
depression,Depression (d3),4,154,1,0.9844856,0.6735813617706299,1
depression,Depression (d3),4,163,1,0.9735779,0.6735813617706299,1
depression,Depression (d3),4,176,0,0.24989648,0.6735813617706299,0
depression,Depression (d3),4,179,0,0.3017545,0.6735813617706299,0
depression,Depression (d3),4,180,1,0.9840919,0.6735813617706299,1
depression,Depression (d3),4,184,1,0.9844178,0.6735813617706299,1
depression,Depression (d3),4,187,0,0.025641302,0.6735813617706299,0
depression,Depression (d3),4,189,1,0.7882824,0.6735813617706299,1
depression,Depression (d3),4,192,1,0.97310036,0.6735813617706299,1
depression,Depression (d3),4,194,1,0.8313387,0.6735813617706299,1
depression,Depression (d3),4,196,0,0.015250555,0.6735813617706299,0
depression,Depression (d3),4,203,1,0.9842285,0.6735813617706299,1
depression,Depression (d3),4,205,0,0.013359384,0.6735813617706299,0
depression,Depression (d3),4,206,0,0.94164693,0.6735813617706299,1
depression,Depression (d3),4,226,1,0.98566794,0.6735813617706299,1
depression,Depression (d3),4,228,0,0.014709908,0.6735813617706299,0
depression,Depression (d3),4,230,0,0.01652506,0.6735813617706299,0
depression,Depression (d3),4,231,0,0.072552525,0.6735813617706299,0
depression,Depression (d3),4,238,1,0.9797192,0.6735813617706299,1
depression,Depression (d3),4,242,0,0.037055556,0.6735813617706299,0
depression,Depression (d3),4,250,0,0.06810262,0.6735813617706299,0
depression,Depression (d3),4,251,0,0.013353365,0.6735813617706299,0
depression,Depression (d3),4,255,1,0.9413422,0.6735813617706299,1
depression,Depression (d3),4,256,0,0.13373436,0.6735813617706299,0
depression,Depression (d3),4,257,1,0.9793299,0.6735813617706299,1
depression,Depression (d3),4,259,1,0.9807133,0.6735813617706299,1
depression,Depression (d3),4,262,1,0.9755398,0.6735813617706299,1
depression,Depression (d3),4,264,1,0.04086616,0.6735813617706299,0
depression,Depression (d3),4,265,1,0.9706482,0.6735813617706299,1
depression,Depression (d3),4,266,1,0.9684535,0.6735813617706299,1
depression,Depression (d3),4,268,1,0.5719792,0.6735813617706299,0
depression,Depression (d3),4,269,1,0.9675618,0.6735813617706299,1
depression,Depression (d3),4,271,0,0.027778761,0.6735813617706299,0
depression,Depression (d3),4,274,1,0.9793779,0.6735813617706299,1
depression,Depression (d3),4,275,0,0.054876756,0.6735813617706299,0
depression,Depression (d3),4,285,1,0.98387134,0.6735813617706299,1
depression,Depression (d3),4,286,0,0.02139444,0.6735813617706299,0
depression,Depression (d3),4,287,0,0.013563955,0.6735813617706299,0
depression,Depression (d3),4,288,1,0.9835835,0.6735813617706299,1
depression,Depression (d3),4,289,0,0.5572846,0.6735813617706299,0
depression,Depression (d3),4,298,1,0.90640646,0.6735813617706299,1
depression,Depression (d3),4,304,0,0.0334535,0.6735813617706299,0
depression,Depression (d3),4,305,0,0.98271024,0.6735813617706299,1
depression,Depression (d3),4,310,1,0.9559721,0.6735813617706299,1
depression,Depression (d3),4,311,1,0.9300245,0.6735813617706299,1
depression,Depression (d3),4,316,1,0.982959,0.6735813617706299,1
depression,Depression (d3),4,320,0,0.0150176175,0.6735813617706299,0
depression,Depression (d3),4,325,0,0.08145591,0.6735813617706299,0
depression,Depression (d3),4,327,0,0.013510257,0.6735813617706299,0
depression,Depression (d3),4,328,0,0.40072337,0.6735813617706299,0
depression,Depression (d3),4,336,0,0.042066265,0.6735813617706299,0
depression,Depression (d3),4,338,0,0.012032487,0.6735813617706299,0
depression,Depression (d3),4,340,1,0.97992307,0.6735813617706299,1
depression,Depression (d3),4,341,1,0.9836332,0.6735813617706299,1
depression,Depression (d3),4,344,1,0.97996485,0.6735813617706299,1
depression,Depression (d3),4,345,1,0.9806219,0.6735813617706299,1
depression,Depression (d3),4,348,1,0.71075404,0.6735813617706299,1
depression,Depression (d3),4,350,1,0.9581625,0.6735813617706299,1
depression,Depression (d3),4,354,0,0.15270814,0.6735813617706299,0
depression,Depression (d3),4,356,0,0.041959714,0.6735813617706299,0
depression,Depression (d3),4,361,0,0.5240143,0.6735813617706299,0
depression,Depression (d3),4,362,0,0.027192518,0.6735813617706299,0
depression,Depression (d3),4,375,0,0.017199997,0.6735813617706299,0
depression,Depression (d3),4,384,0,0.023584817,0.6735813617706299,0
depression,Depression (d3),4,387,1,0.7908272,0.6735813617706299,1
depression,Depression (d3),4,388,1,0.9851339,0.6735813617706299,1
depression,Depression (d3),4,389,0,0.013832027,0.6735813617706299,0
depression,Depression (d3),4,392,1,0.9583292,0.6735813617706299,1
depression,Depression (d3),4,395,1,0.9218526,0.6735813617706299,1
depression,Depression (d3),4,397,1,0.6087153,0.6735813617706299,0
depression,Depression (d3),4,401,0,0.025095887,0.6735813617706299,0
npd,NPD (d4),1,2,0,0.005110853,0.9846954941749573,0
npd,NPD (d4),1,6,0,0.008141118,0.9846954941749573,0
npd,NPD (d4),1,8,0,0.003085132,0.9846954941749573,0
npd,NPD (d4),1,10,1,0.9938638,0.9846954941749573,1
npd,NPD (d4),1,17,1,0.994785,0.9846954941749573,1
npd,NPD (d4),1,20,1,0.9957289,0.9846954941749573,1
npd,NPD (d4),1,21,0,0.0033754767,0.9846954941749573,0
npd,NPD (d4),1,22,0,0.0049994276,0.9846954941749573,0
npd,NPD (d4),1,25,1,0.99427754,0.9846954941749573,1
npd,NPD (d4),1,28,1,0.99545765,0.9846954941749573,1
npd,NPD (d4),1,40,1,0.995583,0.9846954941749573,1
npd,NPD (d4),1,41,1,0.9955681,0.9846954941749573,1
npd,NPD (d4),1,42,1,0.99473333,0.9846954941749573,1
npd,NPD (d4),1,43,1,0.7371881,0.9846954941749573,0
npd,NPD (d4),1,47,0,0.0047118706,0.9846954941749573,0
npd,NPD (d4),1,59,0,0.0030641085,0.9846954941749573,0
npd,NPD (d4),1,63,0,0.0051714736,0.9846954941749573,0
npd,NPD (d4),1,64,0,0.0030887462,0.9846954941749573,0
npd,NPD (d4),1,66,0,0.029252544,0.9846954941749573,0
npd,NPD (d4),1,67,0,0.0075139944,0.9846954941749573,0
npd,NPD (d4),1,70,0,0.36602664,0.9846954941749573,0
npd,NPD (d4),1,74,1,0.99525553,0.9846954941749573,1
npd,NPD (d4),1,75,0,0.0027058935,0.9846954941749573,0
npd,NPD (d4),1,86,1,0.99497896,0.9846954941749573,1
npd,NPD (d4),1,90,1,0.9950122,0.9846954941749573,1
npd,NPD (d4),1,93,1,0.90580434,0.9846954941749573,0
npd,NPD (d4),1,98,1,0.9955876,0.9846954941749573,1
npd,NPD (d4),1,100,0,0.3270724,0.9846954941749573,0
npd,NPD (d4),1,103,1,0.9940428,0.9846954941749573,1
npd,NPD (d4),1,105,1,0.9948258,0.9846954941749573,1
npd,NPD (d4),1,108,0,0.0033083195,0.9846954941749573,0
npd,NPD (d4),1,109,0,0.0033384028,0.9846954941749573,0
npd,NPD (d4),1,111,1,0.9950551,0.9846954941749573,1
npd,NPD (d4),1,113,1,0.9957983,0.9846954941749573,1
npd,NPD (d4),1,120,1,0.9945585,0.9846954941749573,1
npd,NPD (d4),1,127,0,0.0027986583,0.9846954941749573,0
npd,NPD (d4),1,130,0,0.0028410328,0.9846954941749573,0
npd,NPD (d4),1,131,0,0.0031931098,0.9846954941749573,0
npd,NPD (d4),1,134,1,0.25013208,0.9846954941749573,0
npd,NPD (d4),1,137,0,0.0027821525,0.9846954941749573,0
npd,NPD (d4),1,139,1,0.99447966,0.9846954941749573,1
npd,NPD (d4),1,140,0,0.0031535223,0.9846954941749573,0
npd,NPD (d4),1,141,1,0.9947038,0.9846954941749573,1
npd,NPD (d4),1,152,0,0.002693097,0.9846954941749573,0
npd,NPD (d4),1,165,1,0.9956695,0.9846954941749573,1
npd,NPD (d4),1,166,0,0.0028416326,0.9846954941749573,0
npd,NPD (d4),1,169,0,0.0034793348,0.9846954941749573,0
npd,NPD (d4),1,178,1,0.12545386,0.9846954941749573,0
npd,NPD (d4),1,182,0,0.0028497374,0.9846954941749573,0
npd,NPD (d4),1,185,0,0.0028396957,0.9846954941749573,0
npd,NPD (d4),1,186,1,0.9953492,0.9846954941749573,1
npd,NPD (d4),1,191,1,0.99587494,0.9846954941749573,1
npd,NPD (d4),1,193,0,0.004700451,0.9846954941749573,0
npd,NPD (d4),1,195,0,0.0028606742,0.9846954941749573,0
npd,NPD (d4),1,196,0,0.015599119,0.9846954941749573,0
npd,NPD (d4),1,197,1,0.9910745,0.9846954941749573,1
npd,NPD (d4),1,209,0,0.002733451,0.9846954941749573,0
npd,NPD (d4),1,214,1,0.98902774,0.9846954941749573,1
npd,NPD (d4),1,218,0,0.0028722861,0.9846954941749573,0
npd,NPD (d4),1,219,1,0.57808274,0.9846954941749573,0
npd,NPD (d4),1,221,0,0.0027529618,0.9846954941749573,0
npd,NPD (d4),1,223,1,0.99528897,0.9846954941749573,1
npd,NPD (d4),1,225,1,0.9956613,0.9846954941749573,1
npd,NPD (d4),1,226,1,0.99420047,0.9846954941749573,1
npd,NPD (d4),1,231,1,0.9953675,0.9846954941749573,1
npd,NPD (d4),1,236,1,0.99551576,0.9846954941749573,1
npd,NPD (d4),1,255,0,0.0027586585,0.9846954941749573,0
npd,NPD (d4),1,256,0,0.0034430563,0.9846954941749573,0
npd,NPD (d4),1,259,0,0.02174905,0.9846954941749573,0
npd,NPD (d4),1,263,1,0.83700883,0.9846954941749573,0
npd,NPD (d4),1,268,1,0.9910405,0.9846954941749573,1
npd,NPD (d4),1,275,1,0.9947515,0.9846954941749573,1
npd,NPD (d4),1,280,0,0.81942534,0.9846954941749573,0
npd,NPD (d4),1,283,0,0.0026583008,0.9846954941749573,0
npd,NPD (d4),1,292,0,0.0029781202,0.9846954941749573,0
npd,NPD (d4),1,299,1,0.99529934,0.9846954941749573,1
npd,NPD (d4),1,304,0,0.0027170572,0.9846954941749573,0
npd,NPD (d4),1,305,1,0.9949189,0.9846954941749573,1
npd,NPD (d4),2,1,1,0.8624787,0.46904221177101135,1
npd,NPD (d4),2,4,1,0.9948836,0.46904221177101135,1
npd,NPD (d4),2,29,0,0.00854125,0.46904221177101135,0
npd,NPD (d4),2,30,0,0.004762458,0.46904221177101135,0
npd,NPD (d4),2,33,0,0.07719795,0.46904221177101135,0
npd,NPD (d4),2,39,0,0.0046851034,0.46904221177101135,0
npd,NPD (d4),2,45,0,0.007838919,0.46904221177101135,0
npd,NPD (d4),2,49,0,0.007378282,0.46904221177101135,0
npd,NPD (d4),2,50,1,0.88286525,0.46904221177101135,1
npd,NPD (d4),2,51,1,0.8799705,0.46904221177101135,1
npd,NPD (d4),2,52,1,0.9901484,0.46904221177101135,1
npd,NPD (d4),2,53,0,0.0042785704,0.46904221177101135,0
npd,NPD (d4),2,55,1,0.9824927,0.46904221177101135,1
npd,NPD (d4),2,57,1,0.99482334,0.46904221177101135,1
npd,NPD (d4),2,58,0,0.0050701513,0.46904221177101135,0
npd,NPD (d4),2,61,0,0.0046371687,0.46904221177101135,0
npd,NPD (d4),2,71,1,0.9949713,0.46904221177101135,1
npd,NPD (d4),2,72,0,0.00417875,0.46904221177101135,0
npd,NPD (d4),2,73,1,0.99543285,0.46904221177101135,1
npd,NPD (d4),2,78,0,0.004825026,0.46904221177101135,0
npd,NPD (d4),2,82,0,0.004430412,0.46904221177101135,0
npd,NPD (d4),2,87,1,0.99525285,0.46904221177101135,1
npd,NPD (d4),2,88,0,0.22556017,0.46904221177101135,0
npd,NPD (d4),2,94,1,0.9953359,0.46904221177101135,1
npd,NPD (d4),2,95,1,0.99512285,0.46904221177101135,1
npd,NPD (d4),2,97,0,0.008273362,0.46904221177101135,0
npd,NPD (d4),2,102,1,0.99505013,0.46904221177101135,1
npd,NPD (d4),2,110,1,0.9951142,0.46904221177101135,1
npd,NPD (d4),2,121,0,0.0044283336,0.46904221177101135,0
npd,NPD (d4),2,123,1,0.99489623,0.46904221177101135,1
npd,NPD (d4),2,124,0,0.022760313,0.46904221177101135,0
npd,NPD (d4),2,125,1,0.9950944,0.46904221177101135,1
npd,NPD (d4),2,126,0,0.0044571306,0.46904221177101135,0
npd,NPD (d4),2,129,0,0.007870441,0.46904221177101135,0
npd,NPD (d4),2,133,0,0.0052635525,0.46904221177101135,0
npd,NPD (d4),2,135,1,0.99359775,0.46904221177101135,1
npd,NPD (d4),2,142,0,0.009601265,0.46904221177101135,0
npd,NPD (d4),2,143,0,0.010536948,0.46904221177101135,0
npd,NPD (d4),2,148,1,0.99531424,0.46904221177101135,1
npd,NPD (d4),2,150,0,0.0066246055,0.46904221177101135,0
npd,NPD (d4),2,156,1,0.24847224,0.46904221177101135,0
npd,NPD (d4),2,158,0,0.0043240436,0.46904221177101135,0
npd,NPD (d4),2,159,1,0.49438474,0.46904221177101135,1
npd,NPD (d4),2,162,1,0.9904951,0.46904221177101135,1
npd,NPD (d4),2,163,0,0.0045300247,0.46904221177101135,0
npd,NPD (d4),2,171,1,0.9946518,0.46904221177101135,1
npd,NPD (d4),2,176,1,0.9945422,0.46904221177101135,1
npd,NPD (d4),2,181,0,0.0043792548,0.46904221177101135,0
npd,NPD (d4),2,184,1,0.99524045,0.46904221177101135,1
npd,NPD (d4),2,189,1,0.9788806,0.46904221177101135,1
npd,NPD (d4),2,192,0,0.020337349,0.46904221177101135,0
npd,NPD (d4),2,194,1,0.9869687,0.46904221177101135,1
npd,NPD (d4),2,199,1,0.99486697,0.46904221177101135,1
npd,NPD (d4),2,200,1,0.9953459,0.46904221177101135,1
npd,NPD (d4),2,204,0,0.004491718,0.46904221177101135,0
npd,NPD (d4),2,205,0,0.007343873,0.46904221177101135,0
npd,NPD (d4),2,208,0,0.0046708654,0.46904221177101135,0
npd,NPD (d4),2,216,0,0.004749264,0.46904221177101135,0
npd,NPD (d4),2,220,1,0.9950708,0.46904221177101135,1
npd,NPD (d4),2,228,1,0.9942111,0.46904221177101135,1
npd,NPD (d4),2,235,0,0.0046054213,0.46904221177101135,0
npd,NPD (d4),2,239,1,0.995031,0.46904221177101135,1
npd,NPD (d4),2,244,1,0.9944013,0.46904221177101135,1
npd,NPD (d4),2,247,0,0.14831933,0.46904221177101135,0
npd,NPD (d4),2,250,1,0.9953629,0.46904221177101135,1
npd,NPD (d4),2,257,1,0.9950206,0.46904221177101135,1
npd,NPD (d4),2,260,0,0.005280638,0.46904221177101135,0
npd,NPD (d4),2,261,1,0.9947961,0.46904221177101135,1
npd,NPD (d4),2,264,1,0.9904563,0.46904221177101135,1
npd,NPD (d4),2,273,0,0.0049599973,0.46904221177101135,0
npd,NPD (d4),2,274,0,0.008400854,0.46904221177101135,0
npd,NPD (d4),2,276,0,0.013573491,0.46904221177101135,0
npd,NPD (d4),2,278,1,0.99509037,0.46904221177101135,1
npd,NPD (d4),2,291,0,0.00456145,0.46904221177101135,0
npd,NPD (d4),2,294,0,0.005171233,0.46904221177101135,0
npd,NPD (d4),2,296,1,0.9951497,0.46904221177101135,1
npd,NPD (d4),2,301,1,0.9947773,0.46904221177101135,1
npd,NPD (d4),3,0,1,0.99559456,0.6202786564826965,1
npd,NPD (d4),3,3,1,0.9942233,0.6202786564826965,1
npd,NPD (d4),3,5,1,0.0051078494,0.6202786564826965,0
npd,NPD (d4),3,9,0,0.004565197,0.6202786564826965,0
npd,NPD (d4),3,11,1,0.9953793,0.6202786564826965,1
npd,NPD (d4),3,13,0,0.0060227085,0.6202786564826965,0
npd,NPD (d4),3,14,0,0.0043678633,0.6202786564826965,0
npd,NPD (d4),3,15,1,0.9951251,0.6202786564826965,1
npd,NPD (d4),3,18,1,0.995565,0.6202786564826965,1
npd,NPD (d4),3,19,0,0.0047603077,0.6202786564826965,0
npd,NPD (d4),3,24,0,0.005869797,0.6202786564826965,0
npd,NPD (d4),3,27,0,0.004508641,0.6202786564826965,0
npd,NPD (d4),3,32,1,0.99524236,0.6202786564826965,1
npd,NPD (d4),3,35,1,0.8632878,0.6202786564826965,1
npd,NPD (d4),3,37,0,0.004536164,0.6202786564826965,0
npd,NPD (d4),3,38,1,0.9949261,0.6202786564826965,1
npd,NPD (d4),3,46,0,0.035665512,0.6202786564826965,0
npd,NPD (d4),3,48,1,0.9956261,0.6202786564826965,1
npd,NPD (d4),3,54,1,0.99409014,0.6202786564826965,1
npd,NPD (d4),3,77,0,0.0040996,0.6202786564826965,0
npd,NPD (d4),3,79,1,0.99365884,0.6202786564826965,1
npd,NPD (d4),3,80,0,0.0043702116,0.6202786564826965,0
npd,NPD (d4),3,81,0,0.004391861,0.6202786564826965,0
npd,NPD (d4),3,83,0,0.0051601147,0.6202786564826965,0
npd,NPD (d4),3,92,1,0.9955142,0.6202786564826965,1
npd,NPD (d4),3,104,0,0.0061090975,0.6202786564826965,0
npd,NPD (d4),3,106,1,0.9947077,0.6202786564826965,1
npd,NPD (d4),3,115,0,0.020289417,0.6202786564826965,0
npd,NPD (d4),3,116,0,0.004036969,0.6202786564826965,0
npd,NPD (d4),3,117,1,0.9944687,0.6202786564826965,1
npd,NPD (d4),3,119,0,0.0044090147,0.6202786564826965,0
npd,NPD (d4),3,122,1,0.9956927,0.6202786564826965,1
npd,NPD (d4),3,128,0,0.0042602792,0.6202786564826965,0
npd,NPD (d4),3,132,1,0.9956904,0.6202786564826965,1
npd,NPD (d4),3,138,1,0.9940906,0.6202786564826965,1
npd,NPD (d4),3,144,0,0.0046523223,0.6202786564826965,0
npd,NPD (d4),3,147,1,0.99506515,0.6202786564826965,1
npd,NPD (d4),3,149,1,0.9940223,0.6202786564826965,1
npd,NPD (d4),3,157,1,0.995083,0.6202786564826965,1
npd,NPD (d4),3,160,0,0.0044106934,0.6202786564826965,0
npd,NPD (d4),3,161,0,0.004222546,0.6202786564826965,0
npd,NPD (d4),3,164,0,0.0043145325,0.6202786564826965,0
npd,NPD (d4),3,174,1,0.995765,0.6202786564826965,1
npd,NPD (d4),3,175,0,0.7764985,0.6202786564826965,1
npd,NPD (d4),3,177,0,0.0044426946,0.6202786564826965,0
npd,NPD (d4),3,179,1,0.99545115,0.6202786564826965,1
npd,NPD (d4),3,187,1,0.99560684,0.6202786564826965,1
npd,NPD (d4),3,188,0,0.011737059,0.6202786564826965,0
npd,NPD (d4),3,190,0,0.010291507,0.6202786564826965,0
npd,NPD (d4),3,201,1,0.99537355,0.6202786564826965,1
npd,NPD (d4),3,202,1,0.99563074,0.6202786564826965,1
npd,NPD (d4),3,206,1,0.9956116,0.6202786564826965,1
npd,NPD (d4),3,207,0,0.006093812,0.6202786564826965,0
npd,NPD (d4),3,211,0,0.004614117,0.6202786564826965,0
npd,NPD (d4),3,213,1,0.9956098,0.6202786564826965,1
npd,NPD (d4),3,217,0,0.0042583505,0.6202786564826965,0
npd,NPD (d4),3,224,0,0.005259208,0.6202786564826965,0
npd,NPD (d4),3,233,1,0.9955403,0.6202786564826965,1
npd,NPD (d4),3,234,0,0.007119976,0.6202786564826965,0
npd,NPD (d4),3,240,1,0.9955825,0.6202786564826965,1
npd,NPD (d4),3,246,0,0.009292906,0.6202786564826965,0
npd,NPD (d4),3,249,1,0.99558026,0.6202786564826965,1
npd,NPD (d4),3,252,0,0.0045908946,0.6202786564826965,0
npd,NPD (d4),3,262,1,0.99583435,0.6202786564826965,1
npd,NPD (d4),3,269,0,0.00444599,0.6202786564826965,0
npd,NPD (d4),3,270,0,0.0051929336,0.6202786564826965,0
npd,NPD (d4),3,277,0,0.004111503,0.6202786564826965,0
npd,NPD (d4),3,285,1,0.99538666,0.6202786564826965,1
npd,NPD (d4),3,286,1,0.9944218,0.6202786564826965,1
npd,NPD (d4),3,288,0,0.0042061545,0.6202786564826965,0
npd,NPD (d4),3,289,1,0.99363023,0.6202786564826965,1
npd,NPD (d4),3,293,0,0.0051278863,0.6202786564826965,0
npd,NPD (d4),3,295,1,0.9950959,0.6202786564826965,1
npd,NPD (d4),3,300,0,0.0046762708,0.6202786564826965,0
npd,NPD (d4),3,303,1,0.99578935,0.6202786564826965,1
npd,NPD (d4),3,306,1,0.995229,0.6202786564826965,1
npd,NPD (d4),3,308,1,0.99496424,0.6202786564826965,1
npd,NPD (d4),4,7,0,0.24312901,0.9909550547599792,0
npd,NPD (d4),4,12,1,0.99497885,0.9909550547599792,1
npd,NPD (d4),4,16,1,0.9951958,0.9909550547599792,1
npd,NPD (d4),4,23,1,0.9938958,0.9909550547599792,1
npd,NPD (d4),4,26,0,0.013039751,0.9909550547599792,0
npd,NPD (d4),4,31,1,0.99144685,0.9909550547599792,1
npd,NPD (d4),4,34,1,0.99470735,0.9909550547599792,1
npd,NPD (d4),4,36,0,0.0046802275,0.9909550547599792,0
npd,NPD (d4),4,44,0,0.004855387,0.9909550547599792,0
npd,NPD (d4),4,56,1,0.99532264,0.9909550547599792,1
npd,NPD (d4),4,60,0,0.0048055393,0.9909550547599792,0
npd,NPD (d4),4,62,1,0.9949155,0.9909550547599792,1
npd,NPD (d4),4,65,1,0.99474466,0.9909550547599792,1
npd,NPD (d4),4,68,1,0.9937821,0.9909550547599792,1
npd,NPD (d4),4,69,1,0.99515474,0.9909550547599792,1
npd,NPD (d4),4,76,1,0.99503064,0.9909550547599792,1
npd,NPD (d4),4,84,1,0.99440575,0.9909550547599792,1
npd,NPD (d4),4,85,0,0.004523544,0.9909550547599792,0
npd,NPD (d4),4,89,0,0.0064638024,0.9909550547599792,0
npd,NPD (d4),4,91,1,0.99502075,0.9909550547599792,1
npd,NPD (d4),4,96,1,0.9947547,0.9909550547599792,1
npd,NPD (d4),4,99,1,0.9949857,0.9909550547599792,1
npd,NPD (d4),4,101,1,0.9945339,0.9909550547599792,1
npd,NPD (d4),4,107,1,0.9914684,0.9909550547599792,1
npd,NPD (d4),4,112,1,0.9948496,0.9909550547599792,1
npd,NPD (d4),4,114,0,0.005017549,0.9909550547599792,0
npd,NPD (d4),4,118,1,0.99517065,0.9909550547599792,1
npd,NPD (d4),4,136,0,0.004657483,0.9909550547599792,0
npd,NPD (d4),4,145,0,0.008622588,0.9909550547599792,0
npd,NPD (d4),4,146,0,0.004525945,0.9909550547599792,0
npd,NPD (d4),4,151,1,0.9923314,0.9909550547599792,1
npd,NPD (d4),4,153,0,0.005102253,0.9909550547599792,0
npd,NPD (d4),4,154,1,0.99525744,0.9909550547599792,1
npd,NPD (d4),4,155,1,0.9952484,0.9909550547599792,1
npd,NPD (d4),4,167,1,0.9945845,0.9909550547599792,1
npd,NPD (d4),4,168,0,0.004436334,0.9909550547599792,0
npd,NPD (d4),4,170,1,0.9952733,0.9909550547599792,1
npd,NPD (d4),4,172,1,0.99479866,0.9909550547599792,1
npd,NPD (d4),4,173,0,0.004751203,0.9909550547599792,0
npd,NPD (d4),4,180,0,0.17281556,0.9909550547599792,0
npd,NPD (d4),4,183,1,0.99476576,0.9909550547599792,1
npd,NPD (d4),4,198,0,0.0047665983,0.9909550547599792,0
npd,NPD (d4),4,203,0,0.004644923,0.9909550547599792,0
npd,NPD (d4),4,210,1,0.99454015,0.9909550547599792,1
npd,NPD (d4),4,212,1,0.9947712,0.9909550547599792,1
npd,NPD (d4),4,215,0,0.004376875,0.9909550547599792,0
npd,NPD (d4),4,222,1,0.9953556,0.9909550547599792,1
npd,NPD (d4),4,227,0,0.005033419,0.9909550547599792,0
npd,NPD (d4),4,229,1,0.994905,0.9909550547599792,1
npd,NPD (d4),4,230,0,0.004850243,0.9909550547599792,0
npd,NPD (d4),4,232,1,0.9953101,0.9909550547599792,1
npd,NPD (d4),4,237,1,0.995133,0.9909550547599792,1
npd,NPD (d4),4,238,0,0.0060712295,0.9909550547599792,0
npd,NPD (d4),4,241,0,0.00491755,0.9909550547599792,0
npd,NPD (d4),4,242,0,0.006328565,0.9909550547599792,0
npd,NPD (d4),4,243,0,0.005399162,0.9909550547599792,0
npd,NPD (d4),4,245,0,0.0045263963,0.9909550547599792,0
npd,NPD (d4),4,248,0,0.0055159344,0.9909550547599792,0
npd,NPD (d4),4,251,1,0.9488663,0.9909550547599792,0
npd,NPD (d4),4,253,0,0.0045775827,0.9909550547599792,0
npd,NPD (d4),4,254,0,0.022283912,0.9909550547599792,0
npd,NPD (d4),4,258,0,0.98387825,0.9909550547599792,0
npd,NPD (d4),4,265,1,0.9945128,0.9909550547599792,1
npd,NPD (d4),4,266,0,0.004349955,0.9909550547599792,0
npd,NPD (d4),4,267,1,0.9920562,0.9909550547599792,1
npd,NPD (d4),4,271,1,0.9949161,0.9909550547599792,1
npd,NPD (d4),4,272,0,0.0044919485,0.9909550547599792,0
npd,NPD (d4),4,279,1,0.9949981,0.9909550547599792,1
npd,NPD (d4),4,281,0,0.0051395134,0.9909550547599792,0
npd,NPD (d4),4,282,0,0.006250571,0.9909550547599792,0
npd,NPD (d4),4,284,0,0.004661106,0.9909550547599792,0
npd,NPD (d4),4,287,0,0.004325068,0.9909550547599792,0
npd,NPD (d4),4,290,0,0.007818503,0.9909550547599792,0
npd,NPD (d4),4,297,1,0.99392223,0.9909550547599792,1
npd,NPD (d4),4,298,1,0.9916072,0.9909550547599792,1
npd,NPD (d4),4,302,0,0.0342939,0.9909550547599792,0
npd,NPD (d4),4,307,0,0.006321579,0.9909550547599792,0
panic,Panic (d5),1,1,0,0.03863039,0.37889808416366577,0
panic,Panic (d5),1,3,0,0.022842526,0.37889808416366577,0
panic,Panic (d5),1,16,1,0.21701829,0.37889808416366577,0
panic,Panic (d5),1,17,1,0.9533358,0.37889808416366577,1
panic,Panic (d5),1,19,0,0.03027261,0.37889808416366577,0
panic,Panic (d5),1,25,1,0.9691347,0.37889808416366577,1
panic,Panic (d5),1,28,0,0.020698814,0.37889808416366577,0
panic,Panic (d5),1,29,1,0.97139615,0.37889808416366577,1
panic,Panic (d5),1,30,1,0.95035505,0.37889808416366577,1
panic,Panic (d5),1,31,1,0.9694508,0.37889808416366577,1
panic,Panic (d5),1,34,0,0.022585742,0.37889808416366577,0
panic,Panic (d5),1,41,0,0.019160958,0.37889808416366577,0
panic,Panic (d5),1,45,1,0.95908344,0.37889808416366577,1
panic,Panic (d5),1,46,0,0.017543813,0.37889808416366577,0
panic,Panic (d5),1,48,0,0.7816216,0.37889808416366577,1
panic,Panic (d5),1,53,1,0.974428,0.37889808416366577,1
panic,Panic (d5),1,56,0,0.65108216,0.37889808416366577,1
panic,Panic (d5),1,59,1,0.9715138,0.37889808416366577,1
panic,Panic (d5),1,62,0,0.025946973,0.37889808416366577,0
panic,Panic (d5),1,72,0,0.020534482,0.37889808416366577,0
panic,Panic (d5),1,75,1,0.9687148,0.37889808416366577,1
panic,Panic (d5),1,82,1,0.96804124,0.37889808416366577,1
panic,Panic (d5),1,84,0,0.018915277,0.37889808416366577,0
panic,Panic (d5),1,92,0,0.09481254,0.37889808416366577,0
panic,Panic (d5),1,101,1,0.9691491,0.37889808416366577,1
panic,Panic (d5),1,103,0,0.02411307,0.37889808416366577,0
panic,Panic (d5),1,104,1,0.9670884,0.37889808416366577,1
panic,Panic (d5),1,106,0,0.03238002,0.37889808416366577,0
panic,Panic (d5),1,107,1,0.9723512,0.37889808416366577,1
panic,Panic (d5),1,113,0,0.021706592,0.37889808416366577,0
panic,Panic (d5),1,114,0,0.023277504,0.37889808416366577,0
panic,Panic (d5),1,116,1,0.9759654,0.37889808416366577,1
panic,Panic (d5),1,119,0,0.2196677,0.37889808416366577,0
panic,Panic (d5),1,123,0,0.15876189,0.37889808416366577,0
panic,Panic (d5),1,124,0,0.02444431,0.37889808416366577,0
panic,Panic (d5),1,125,0,0.45836315,0.37889808416366577,1
panic,Panic (d5),1,130,0,0.7861502,0.37889808416366577,1
panic,Panic (d5),1,138,1,0.97429556,0.37889808416366577,1
panic,Panic (d5),1,150,1,0.9713202,0.37889808416366577,1
panic,Panic (d5),1,160,1,0.9740639,0.37889808416366577,1
panic,Panic (d5),1,162,1,0.9688515,0.37889808416366577,1
panic,Panic (d5),1,163,1,0.9711586,0.37889808416366577,1
panic,Panic (d5),1,166,1,0.9742586,0.37889808416366577,1
panic,Panic (d5),1,168,1,0.9682246,0.37889808416366577,1
panic,Panic (d5),1,169,1,0.97173834,0.37889808416366577,1
panic,Panic (d5),1,190,1,0.97576785,0.37889808416366577,1
panic,Panic (d5),1,191,0,0.8844085,0.37889808416366577,1
panic,Panic (d5),1,193,0,0.92961895,0.37889808416366577,1
panic,Panic (d5),1,194,0,0.861155,0.37889808416366577,1
panic,Panic (d5),1,195,0,0.028814327,0.37889808416366577,0
panic,Panic (d5),1,204,1,0.95082617,0.37889808416366577,1
panic,Panic (d5),1,206,0,0.022201002,0.37889808416366577,0
panic,Panic (d5),1,209,1,0.97088,0.37889808416366577,1
panic,Panic (d5),1,211,0,0.018858911,0.37889808416366577,0
panic,Panic (d5),1,213,1,0.7320519,0.37889808416366577,1
panic,Panic (d5),1,218,1,0.9751785,0.37889808416366577,1
panic,Panic (d5),2,2,1,0.96792597,0.8651226162910461,1
panic,Panic (d5),2,11,0,0.93079865,0.8651226162910461,1
panic,Panic (d5),2,12,0,0.14979172,0.8651226162910461,0
panic,Panic (d5),2,15,1,0.79769945,0.8651226162910461,0
panic,Panic (d5),2,20,1,0.9624725,0.8651226162910461,1
panic,Panic (d5),2,21,1,0.76189214,0.8651226162910461,0
panic,Panic (d5),2,40,0,0.17351055,0.8651226162910461,0
panic,Panic (d5),2,42,0,0.09905668,0.8651226162910461,0
panic,Panic (d5),2,43,1,0.9505153,0.8651226162910461,1
panic,Panic (d5),2,50,1,0.967639,0.8651226162910461,1
panic,Panic (d5),2,51,0,0.91195947,0.8651226162910461,1
panic,Panic (d5),2,52,0,0.8953063,0.8651226162910461,1
panic,Panic (d5),2,57,0,0.05327254,0.8651226162910461,0
panic,Panic (d5),2,60,1,0.85289955,0.8651226162910461,0
panic,Panic (d5),2,63,0,0.11841834,0.8651226162910461,0
panic,Panic (d5),2,68,0,0.61236715,0.8651226162910461,0
panic,Panic (d5),2,71,0,0.20437942,0.8651226162910461,0
panic,Panic (d5),2,73,0,0.059613984,0.8651226162910461,0
panic,Panic (d5),2,76,1,0.96574605,0.8651226162910461,1
panic,Panic (d5),2,81,0,0.07524735,0.8651226162910461,0
panic,Panic (d5),2,83,0,0.25395206,0.8651226162910461,0
panic,Panic (d5),2,86,1,0.9683982,0.8651226162910461,1
panic,Panic (d5),2,89,0,0.07323393,0.8651226162910461,0
panic,Panic (d5),2,93,0,0.06553436,0.8651226162910461,0
panic,Panic (d5),2,98,1,0.97078955,0.8651226162910461,1
panic,Panic (d5),2,105,1,0.9316462,0.8651226162910461,1
panic,Panic (d5),2,118,0,0.08027465,0.8651226162910461,0
panic,Panic (d5),2,120,1,0.95105255,0.8651226162910461,1
panic,Panic (d5),2,126,0,0.07529124,0.8651226162910461,0
panic,Panic (d5),2,128,1,0.5934392,0.8651226162910461,0
panic,Panic (d5),2,136,1,0.967432,0.8651226162910461,1
panic,Panic (d5),2,139,0,0.33502448,0.8651226162910461,0
panic,Panic (d5),2,140,0,0.06710949,0.8651226162910461,0
panic,Panic (d5),2,141,1,0.9614209,0.8651226162910461,1
panic,Panic (d5),2,142,1,0.9694072,0.8651226162910461,1
panic,Panic (d5),2,144,1,0.9712542,0.8651226162910461,1
panic,Panic (d5),2,146,0,0.06217671,0.8651226162910461,0
panic,Panic (d5),2,151,1,0.97351944,0.8651226162910461,1
panic,Panic (d5),2,155,0,0.9575655,0.8651226162910461,1
panic,Panic (d5),2,157,1,0.9593627,0.8651226162910461,1
panic,Panic (d5),2,159,1,0.96975356,0.8651226162910461,1
panic,Panic (d5),2,164,0,0.059727285,0.8651226162910461,0
panic,Panic (d5),2,173,0,0.07072151,0.8651226162910461,0
panic,Panic (d5),2,174,1,0.96786445,0.8651226162910461,1
panic,Panic (d5),2,180,1,0.9689891,0.8651226162910461,1
panic,Panic (d5),2,183,0,0.054020766,0.8651226162910461,0
panic,Panic (d5),2,184,0,0.11548871,0.8651226162910461,0
panic,Panic (d5),2,186,1,0.96734655,0.8651226162910461,1
panic,Panic (d5),2,187,1,0.9711444,0.8651226162910461,1
panic,Panic (d5),2,192,0,0.09363619,0.8651226162910461,0
panic,Panic (d5),2,196,1,0.9453835,0.8651226162910461,1
panic,Panic (d5),2,200,1,0.9484081,0.8651226162910461,1
panic,Panic (d5),2,214,0,0.15280692,0.8651226162910461,0
panic,Panic (d5),2,215,1,0.5502471,0.8651226162910461,0
panic,Panic (d5),2,220,1,0.96236163,0.8651226162910461,1
panic,Panic (d5),3,0,0,0.7880001,0.7499764561653137,1
panic,Panic (d5),3,5,0,0.022055002,0.7499764561653137,0
panic,Panic (d5),3,6,1,0.33016592,0.7499764561653137,0
panic,Panic (d5),3,8,1,0.8881943,0.7499764561653137,1
panic,Panic (d5),3,9,1,0.9772968,0.7499764561653137,1
panic,Panic (d5),3,10,0,0.02209079,0.7499764561653137,0
panic,Panic (d5),3,22,0,0.025553571,0.7499764561653137,0
panic,Panic (d5),3,26,1,0.98293996,0.7499764561653137,1
panic,Panic (d5),3,27,0,0.96444625,0.7499764561653137,1
panic,Panic (d5),3,33,0,0.034393065,0.7499764561653137,0
panic,Panic (d5),3,35,0,0.97737235,0.7499764561653137,1
panic,Panic (d5),3,36,0,0.022531737,0.7499764561653137,0
panic,Panic (d5),3,37,0,0.021686506,0.7499764561653137,0
panic,Panic (d5),3,38,1,0.9637852,0.7499764561653137,1
panic,Panic (d5),3,44,0,0.023476897,0.7499764561653137,0
panic,Panic (d5),3,54,1,0.98176306,0.7499764561653137,1
panic,Panic (d5),3,55,0,0.019288084,0.7499764561653137,0
panic,Panic (d5),3,64,0,0.019645303,0.7499764561653137,0
panic,Panic (d5),3,66,1,0.98290896,0.7499764561653137,1
panic,Panic (d5),3,67,0,0.03947838,0.7499764561653137,0
panic,Panic (d5),3,70,1,0.9571254,0.7499764561653137,1
panic,Panic (d5),3,78,1,0.98036516,0.7499764561653137,1
panic,Panic (d5),3,79,0,0.025172919,0.7499764561653137,0
panic,Panic (d5),3,85,1,0.982786,0.7499764561653137,1
panic,Panic (d5),3,91,0,0.022358345,0.7499764561653137,0
panic,Panic (d5),3,94,1,0.9822128,0.7499764561653137,1
panic,Panic (d5),3,95,1,0.98048145,0.7499764561653137,1
panic,Panic (d5),3,99,0,0.025603877,0.7499764561653137,0
panic,Panic (d5),3,100,0,0.023060441,0.7499764561653137,0
panic,Panic (d5),3,102,1,0.9449221,0.7499764561653137,1
panic,Panic (d5),3,108,1,0.9810394,0.7499764561653137,1
panic,Panic (d5),3,112,1,0.9822432,0.7499764561653137,1
panic,Panic (d5),3,115,1,0.9819803,0.7499764561653137,1
panic,Panic (d5),3,121,1,0.42449132,0.7499764561653137,0
panic,Panic (d5),3,122,0,0.7536948,0.7499764561653137,1
panic,Panic (d5),3,132,1,0.024409506,0.7499764561653137,0
panic,Panic (d5),3,134,1,0.981821,0.7499764561653137,1
panic,Panic (d5),3,145,1,0.982263,0.7499764561653137,1
panic,Panic (d5),3,149,0,0.96180123,0.7499764561653137,1
panic,Panic (d5),3,152,1,0.9815849,0.7499764561653137,1
panic,Panic (d5),3,156,0,0.02277196,0.7499764561653137,0
panic,Panic (d5),3,158,1,0.98147374,0.7499764561653137,1
panic,Panic (d5),3,161,1,0.981509,0.7499764561653137,1
panic,Panic (d5),3,170,0,0.032510508,0.7499764561653137,0
panic,Panic (d5),3,171,0,0.022687923,0.7499764561653137,0
panic,Panic (d5),3,172,1,0.9799621,0.7499764561653137,1
panic,Panic (d5),3,176,0,0.38199595,0.7499764561653137,0
panic,Panic (d5),3,177,0,0.038221695,0.7499764561653137,0
panic,Panic (d5),3,179,1,0.34900615,0.7499764561653137,0
panic,Panic (d5),3,189,1,0.9773375,0.7499764561653137,1
panic,Panic (d5),3,201,0,0.8460932,0.7499764561653137,1
panic,Panic (d5),3,205,1,0.97149897,0.7499764561653137,1
panic,Panic (d5),3,207,1,0.9815269,0.7499764561653137,1
panic,Panic (d5),3,208,0,0.02473492,0.7499764561653137,0
panic,Panic (d5),3,210,0,0.023145571,0.7499764561653137,0
panic,Panic (d5),4,4,0,0.0677266,0.9598228335380554,0
panic,Panic (d5),4,7,1,0.9757656,0.9598228335380554,1
panic,Panic (d5),4,13,0,0.057580337,0.9598228335380554,0
panic,Panic (d5),4,14,1,0.97683924,0.9598228335380554,1
panic,Panic (d5),4,18,1,0.97784245,0.9598228335380554,1
panic,Panic (d5),4,23,1,0.9749707,0.9598228335380554,1
panic,Panic (d5),4,24,1,0.97448164,0.9598228335380554,1
panic,Panic (d5),4,32,1,0.97559536,0.9598228335380554,1
panic,Panic (d5),4,39,0,0.2203458,0.9598228335380554,0
panic,Panic (d5),4,47,1,0.97471696,0.9598228335380554,1
panic,Panic (d5),4,49,1,0.9685185,0.9598228335380554,1
panic,Panic (d5),4,58,0,0.053754155,0.9598228335380554,0
panic,Panic (d5),4,61,0,0.28548598,0.9598228335380554,0
panic,Panic (d5),4,65,1,0.97642285,0.9598228335380554,1
panic,Panic (d5),4,69,1,0.9688395,0.9598228335380554,1
panic,Panic (d5),4,74,1,0.9724487,0.9598228335380554,1
panic,Panic (d5),4,77,1,0.8275045,0.9598228335380554,0
panic,Panic (d5),4,80,1,0.9701493,0.9598228335380554,1
panic,Panic (d5),4,87,0,0.075489156,0.9598228335380554,0
panic,Panic (d5),4,88,1,0.97663,0.9598228335380554,1
panic,Panic (d5),4,90,1,0.9770483,0.9598228335380554,1
panic,Panic (d5),4,96,1,0.9746466,0.9598228335380554,1
panic,Panic (d5),4,97,1,0.9762714,0.9598228335380554,1
panic,Panic (d5),4,109,0,0.09923158,0.9598228335380554,0
panic,Panic (d5),4,110,0,0.07396901,0.9598228335380554,0
panic,Panic (d5),4,111,1,0.96892536,0.9598228335380554,1
panic,Panic (d5),4,117,0,0.1052233,0.9598228335380554,0
panic,Panic (d5),4,127,1,0.9768688,0.9598228335380554,1
panic,Panic (d5),4,129,0,0.047333278,0.9598228335380554,0
panic,Panic (d5),4,131,0,0.065325044,0.9598228335380554,0
panic,Panic (d5),4,133,1,0.97624594,0.9598228335380554,1
panic,Panic (d5),4,135,0,0.060750496,0.9598228335380554,0
panic,Panic (d5),4,137,0,0.11490449,0.9598228335380554,0
panic,Panic (d5),4,143,0,0.908701,0.9598228335380554,0
panic,Panic (d5),4,147,1,0.9583257,0.9598228335380554,0
panic,Panic (d5),4,148,0,0.9582328,0.9598228335380554,0
panic,Panic (d5),4,153,0,0.04959898,0.9598228335380554,0
panic,Panic (d5),4,154,0,0.08833219,0.9598228335380554,0
panic,Panic (d5),4,165,0,0.076703504,0.9598228335380554,0
panic,Panic (d5),4,167,1,0.97523266,0.9598228335380554,1
panic,Panic (d5),4,175,0,0.51058793,0.9598228335380554,0
panic,Panic (d5),4,178,0,0.105626464,0.9598228335380554,0
panic,Panic (d5),4,181,1,0.9765439,0.9598228335380554,1
panic,Panic (d5),4,182,1,0.9268526,0.9598228335380554,0
panic,Panic (d5),4,185,0,0.70363015,0.9598228335380554,0
panic,Panic (d5),4,188,1,0.97551835,0.9598228335380554,1
panic,Panic (d5),4,197,0,0.048538867,0.9598228335380554,0
panic,Panic (d5),4,198,0,0.06948151,0.9598228335380554,0
panic,Panic (d5),4,199,1,0.96551937,0.9598228335380554,1
panic,Panic (d5),4,202,0,0.05555991,0.9598228335380554,0
panic,Panic (d5),4,203,0,0.8862313,0.9598228335380554,0
panic,Panic (d5),4,212,0,0.0753304,0.9598228335380554,0
panic,Panic (d5),4,216,1,0.42994818,0.9598228335380554,0
panic,Panic (d5),4,217,1,0.96875316,0.9598228335380554,1
panic,Panic (d5),4,219,0,0.30715626,0.9598228335380554,0
